Channel_1,Channel_2,Channel_3,Channel_4,Channel_5,Channel_6,Channel_7,Channel_8,Channel_9,Channel_10,Channel_11,Channel_12,Channel_13,Channel_14,Channel_15,Channel_16
56947.57335753123,44207.79427382878,43591.24375477359,24001.54906529773,-1530.9380329773467,458.9260171563646,2100.8404613543107,-9240.322916546216,-13754.034191850924,-18822.471061047443,-8794.807946063036,-187500.02235174447,-5823.05411375214,46082.9268196734,187500.0,44559.54367632195
67335.5912966241,55830.34376267717,42981.55522126618,28066.45966368433,3067.9333887020816,-66.29527405444075,2192.952000254631,-10041.767065735707,-15121.983304260171,-20046.58669788679,-5579.241285233651,-179310.07496238648,-7231.370476647673,45454.99926269046,187500.0,43598.82099614394
54332.016924860116,41095.76089331638,43337.86437962823,22170.427104285613,-2149.0978776333186,859.9386644290287,1215.62197394633,-9415.202965164539,-13766.215892579066,-18927.03252160937,-9001.740396230269,-183516.49445491965,-5790.800546503133,45677.06384385393,187500.0,44292.328571358754
65044.47043472176,53442.32808856107,43440.36947970027,27770.857843262893,1637.3546883290635,-88.31174234291821,2784.3791585420563,-9491.087137590306,-14483.05868900522,-19410.25488498865,-6977.946398013401,-186148.3900127876,-6579.839477519927,45956.035966400625,187500.0,44192.080997476696
60035.46685403191,47347.05207908775,42945.658319670954,24273.972126719014,475.8686394534874,580.3853965265032,1184.3742351978105,-9944.559329099577,-14643.052475816308,-19765.44645612794,-6863.21489372431,-176770.40270214115,-6690.257095129144,45209.71121903792,187500.0,43630.76163897057
56770.39107923402,44016.105713380064,43589.589725683894,23936.192564510413,-1635.8124179616473,471.53240102915777,2078.3099029433615,-9236.433713010993,-13767.24407282401,-18803.29326430479,-8829.363742990941,-187500.02235174447,-5812.928773513887,46077.27182832621,187500.0,44556.034452442465
67331.09859598859,55833.89769004556,42991.72526499334,28104.70349844736,3030.3154027837995,-73.93957065815576,2207.0335992614746,-10044.717496003806,-15130.678132853287,-20038.316552438326,-5580.2694654785955,-179510.81597933962,-7226.81072077879,45484.74943456047,187500.0,43604.90067063578
54286.59818012693,41039.8368286892,43342.51354247493,22150.44464474257,-2218.0753610223965,865.6160075206766,1197.4723574486206,-9424.881270513686,-13757.856340152783,-18928.32892278778,-8978.583988974571,-183456.9494076907,-5786.6654737789,45697.515690030545,187500.0,44297.40241735011
64865.947051757226,53240.76005706311,43440.97297680056,27716.543104236498,1517.3705240929753,-98.23591688107454,2755.858332617084,-9511.494280278002,-14484.846828561644,-19419.70967289325,-7013.016285063778,-186270.38583402467,-6594.368111415877,45943.78721043911,187500.0,44179.899296748554
60113.96618055894,47430.58054811723,42953.92846511942,24321.15665926417,450.3876507744373,577.8149459141429,1193.2702294910227,-9946.883910522927,-14659.838635902242,-19761.221976425884,-6836.035172466657,-176768.94983875155,-6711.535955850596,45207.05136144774,187500.0,43616.92590915274
56644.059019572625,43857.9000661254,43577.76565286704,23887.30929938666,-1716.6363259120378,468.2466945942277,2054.17001893163,-9252.25874808535,-13778.755221218495,-18814.267970832345,-8847.89333914439,-187500.02235174447,-5827.792683576666,46070.611008478525,187500.0,44548.1666383942
67373.20928254239,55871.58273119721,42980.30352357668,28145.674246033937,3019.3853997451547,-101.52162331600468,2218.187119744673,-10059.4249438554,-15146.5255196721,-20059.77422711542,-5605.459881479726,-179668.9545713609,-7234.969107504977,45481.88841127019,187500.0,43590.662609417755
54332.03927660457,41073.72207328345,43313.70214387204,22164.325078049314,-2183.6313228167683,845.186513088526,1171.812554813928,-9456.844265084776,-13800.816392995883,-18954.74868473395,-8978.226361063285,-183361.59686584436,-5824.685791097378,45651.784020874984,187500.0,44251.82721040573
64738.81032929544,53083.627293542304,43438.42487793266,27663.256545455046,1479.707834685783,-93.07266391189862,2755.6795186614418,-9507.672131976144,-14477.314290680206,-19401.940036051277,-7059.619672253093,-186371.0357393069,-6574.944445484215,45956.795925712104,187500.0,44182.179174683
60271.38951675767,47594.99998033047,42943.49020045879,24396.571445056376,548.8694368445202,569.9471318658748,1204.9825435856037,-9953.835303048529,-14688.828848460776,-19796.470677431906,-6784.492049752718,-176693.7585704039,-6740.414409686853,45207.11841668111,187500.0,43593.523632708035
56548.9970504042,43737.0218321111,43599.22332754413,23838.38133077399,-1724.7723608937695,506.490529357258,2056.5616555883475,-9223.000314593353,-13737.42684572063,-18772.04552555627,-8839.958469862757,-187500.02235174447,-5811.297096168649,46103.758645505746,187500.0,44569.244333415554
67441.69502755345,55942.81774077627,43009.13727392403,28195.161008257986,3068.134554402179,-85.29425684145176,2263.6505679667675,-10023.081007371069,-15119.479908881178,-20015.316607393816,-5573.541590397548,-179808.76473292886,-7221.37924687615,45522.85915885677,187500.0,43631.65570874879
54417.40058867939,41155.775327178875,43312.15987350463,22182.988784669495,-2112.373961493249,861.1009551407046,1170.1808774686906,-9451.144570248673,-13789.595817279318,-18960.716600503518,-8931.108883751498,-183253.72734710306,-5821.4671398958135,45664.88214312579,187500.0,44252.967149372955
64658.18758704515,52992.052196508914,43452.66293915069,27627.270236882003,1473.9857881052242,-70.5868089898597,2763.1673530539697,-9467.595454167778,-14445.977144953866,-19377.73309680618,-7074.014195682311,-186450.02680421196,-6551.34100333941,45976.71133002178,187500.0,44206.341410439185
60499.44436543517,47853.96729158966,42929.07332528512,24494.94147240418,682.1528890315162,552.132791534995,1224.0485816059806,-9953.522378626154,-14701.189363144562,-19795.68836637597,-6740.325002709032,-176586.5819557407,-6753.825456360038,45217.28846040827,187500.0,43595.98232459812
56534.73663744172,43729.04225934056,43570.83661208589,23807.647682147945,-1691.7364825888258,500.83553801006536,2022.8552249497445,-9234.466759498926,-13762.527854743941,-18793.167924066536,-8877.554104036582,-187500.02235174447,-5804.5021658542355,46085.78784296368,187500.0,44544.74682149253
67569.63641281563,56104.17498399913,43003.12465466555,28255.711883987417,3138.788418625405,-102.14747216075328,2265.148134845273,-10023.684504471363,-15119.122280969892,-20019.205810929037,-5593.0099598181205,-179864.77820453385,-7226.855424267701,45538.30421427539,187500.0,43610.220385816145
54569.01247131974,41325.22390189456,43314.12682701669,22225.25593343448,-2014.9650591570212,869.4605075669895,1165.8669907888163,-9443.433218411592,-13814.003922224514,-18978.79916176786,-8898.318874635563,-183099.90264176164,-5832.86652956802,45643.64798589325,187500.0,44226.74855312688
64608.23143818753,52945.0464779194,43467.90682886921,27593.60850973231,1465.9168083568584,-54.58295995985985,2753.287882004724,-9459.660584886144,-14420.071473130165,-19345.09954990143,-7083.714852775915,-186486.1248715073,-6527.759912939062,46000.96297275579,187500.0,44215.706791365956
60701.97352194471,48086.42543392485,42938.57281667862,24559.649772602294,759.7134422914318,546.5672071656236,1220.3158402819445,-9968.855675322495,-14714.242781906461,-19794.995462297855,-6679.058871157035,-176459.86991642357,-6769.002290845191,45237.494437395864,187500.0,43592.16017629626
56511.82609937502,43700.610840393405,43588.02510357203,23758.585603068543,-1707.1368345185322,531.6585936139338,2000.6599427056246,-9217.792358135266,-13739.259688765966,-18758.075685271702,-8870.937987677811,-187500.02235174447,-5808.10079671154,46100.78586349319,187500.0,44550.714737262104
67654.08130336777,56215.55372661993,43033.43362014695,28286.13260819109,3147.237378029511,-83.8860969407674,2286.695216500189,-9984.390137718932,-15098.804545260018,-20003.581941554778,-5587.1985062597405,-179960.220153358,-7212.751473516402,45557.23614182903,187500.0,43643.63624377683
54673.26100745929,41452.606493545354,43310.5728996483,22228.11695672476,-2000.4587770055268,874.087318669238,1143.627005055786,-9436.906509030641,-13811.522878589974,-18978.329775134298,-8867.51817077615,-182998.33631495672,-5840.801398849654,45658.713061656126,187500.0,44236.98565208741
64528.279248270905,52875.934884063594,43473.5618202164,27542.043035273917,1401.096749436468,-45.105820310809655,2749.8233616141515,-9429.709247316034,-14422.306647575695,-19345.12190164589,-7131.815806843735,-186568.66986378073,-6524.630668715319,46017.63737411945,187500.0,44228.00025081638
60913.66689368092,48348.119658007585,42931.911996830946,24639.199631118732,814.7210853959424,534.1843407373835,1253.0834976534245,-9942.145340698402,-14732.034770492884,-19832.032302860298,-6652.236777810666,-176392.4347034019,-6773.427936247342,45238.85789380764,187500.0,43583.174775025225
56492.73770961019,43706.53405267406,43570.2331149856,23713.703300202287,-1748.2193408273865,530.0269162686964,1996.7260356814904,-9206.191802762962,-13746.076970824835,-18815.899648177583,-8894.876705989445,-187500.02235174447,-5802.199936175339,46091.532241288696,187500.0,44539.605920267815
67699.63415856769,56313.454367334176,43025.856378776596,28292.16757919402,3092.1850314360895,-90.81513772191259,2293.6913125147003,-9969.928559056349,-15112.70733031122,-20033.130947724694,-5617.999210119154,-180088.47446304257,-7214.09257818372,45569.55195302391,187500.0,43633.712069238674
54761.01395619082,41578.35740785091,43305.968440290504,22231.000331759493,-2027.5937947742696,870.6227982786654,1160.7707930530064,-9437.53235787539,-13823.726931062572,-18991.85258052976,-8847.781580422114,-182918.85351167363,-5838.5438726596685,45659.696538412165,187500.0,44228.782561872315
64414.08418584874,52785.52207774187,43472.287770782445,27478.184101365103,1298.2563731976002,-33.70643063860305,2746.9176348349615,-9419.941534989064,-14420.8537841861,-19360.1199221754,-7171.80307767428,-186656.556922979,-6514.259459288056,46004.98628675775,187500.0,44219.95362281247
61039.37310449757,48528.69940146201,42942.30555800266,24670.134445444877,779.8076605567528,541.426305940903,1268.3497391163992,-9939.038448219115,-14742.271869453416,-19826.757291168844,-6629.594460677441,-176419.1897415149,-6778.3676717719645,45258.10274578366,187500.0,43593.99301934159
56402.704882944214,43640.88697920883,43577.54213542249,23640.657799322344,-1861.587388704704,543.8402943420762,1973.7484423814349,-9210.952724331943,-13734.543470685896,-18807.3389300512,-8906.276095661653,-187500.02235174447,-5798.176622173384,46100.85291872656,187500.0,44545.260911615005
67686.3795741057,56356.25795796609,43030.48318987885,28297.152018207555,3010.4223502185764,-105.56728906241526,2311.393894123303,-9973.996576547215,-15117.959990258216,-20017.86470626172,-5651.482123313203,-180321.37964026685,-7215.076054939754,45578.22442987256,187500.0,43641.266958864566
54841.994326352404,41703.102493655984,43287.2153266925,22232.475546893544,-2070.732661573012,875.473126825467,1142.2411968995568,-9448.10473300275,-13853.186530254667,-19014.606656385262,-8835.018734338133,-182867.55625814872,-5872.7643934207435,45658.914227356225,187500.0,44203.83801506019
64233.549145883226,52628.54577643226,43472.24306729354,27380.12699843967,1101.1810423351578,-12.606383872793183,2720.833149055618,-9410.106767428728,-14408.739138691324,-19330.816785194493,-7209.66693278157,-186783.2913140406,-6500.155508536757,46029.52850216967,187500.0,44233.61053867466
61182.424269011535,48733.91076730618,42928.87215958502,24718.570675679526,689.2383920238486,518.9180992744087,1261.7783262465389,-9962.463076408278,-14761.114390029239,-19824.745634167866,-6586.3661869008765,-176506.89798675754,-6803.222811606266,45261.61196966314,187500.0,43581.565449424445
56344.63505084933,43621.97740339964,43572.110661519844,23582.25269106063,-2059.9144172566434,557.1395822929838,1941.941910021533,-9215.847756367655,-13740.645496922196,-18775.018307568826,-8910.81349978608,-187500.02235174447,-5792.342816870549,46111.04531419818,187500.0,44540.63410051276
67677.03654492338,56406.72819694617,43043.894236552034,28303.16463746603,2800.3606558276006,-103.33211461688455,2330.1246559768506,-9965.011175276182,-15093.261312635103,-19986.14758087964,-5648.665803511835,-180561.72794839478,-7198.938095443023,45603.057217962414,187500.0,43659.28246489554
54925.00870525941,41848.031204704195,43268.35045437222,22229.189840458614,-2265.7516319455663,862.1291353856487,1141.7047550326295,-9453.96089005004,-13866.105838549835,-19001.687348090094,-8775.473687109195,-182823.99270820533,-5890.466975029347,45639.31174746892,187500.0,44191.41044514304
63988.015233041675,52413.410236049924,43468.443270736134,27261.327476659713,762.2838929037921,-4.291534935418956,2741.4414574434113,-9390.638398008155,-14390.455411726882,-19307.0568808385,-7250.8611978127,-186934.59027225856,-6484.017549040026,46045.35353724403,187500.0,44247.96035861497
61313.494898497454,48931.07550514645,42914.81291232263,24795.415973116873,542.2533204857493,508.39042763595916,1330.8005131245272,-9954.68466933783,-14768.199893021572,-19844.39281754408,-6546.893006192805,-176643.444793635,-6829.0837799410565,45262.50603944135,187500.0,43590.036760573006
56261.10658181985,43556.84442005687,43550.07184148691,23537.951533550207,-2276.301655328471,579.5136784927462,1967.869933589689,-9196.334683458172,-13738.611488176763,-18785.322461762724,-8909.539450352127,-187500.02235174447,-5806.603229833035,46100.115311159534,187500.0,44551.22882738458
67644.67121895209,56349.9994695186,43024.42586713146,28319.2355417294,2661.3998605489564,-115.46911185611629,2390.183793328261,-9956.226939705246,-15084.611187530898,-19987.823961713788,-5660.467524584237,-180864.16940261953,-7205.017769934866,45608.77926454297,187500.0,43682.01418900659
55193.90019105675,42113.189949177504,43216.583814213736,22327.291646872956,-2231.3299454843936,839.0174316188612,1151.8077435264283,-9490.953027123574,-13911.301065838465,-19048.73777016852,-8741.431980303763,-182776.9869896158,-5948.402696657503,45623.017325761,187500.0,44160.58738953917
63909.67236872583,52289.760385723166,43444.41514544668,27202.989423631363,691.093586813639,-0.7823110559357472,2724.387076424012,-9406.374026104693,-14380.687699399914,-19301.893627869325,-7319.503405034949,-187013.11195053006,-6499.8425841143835,46033.64122314945,187500.0,44237.07505906523
61666.56305391349,49288.27873328671,42882.62640030699,24915.713061775336,679.7836041192537,484.8540407245208,1364.1493158518454,-9966.620500876965,-14808.857716185776,-19891.957329744975,-6537.080590376925,-176653.48072689542,-6880.582199166084,45266.931684843505,187500.0,43561.33712069239
56471.41414539983,43794.06348396105,43531.654004055745,23543.18184175275,-2199.322247424394,578.5302017367127,1947.7533635799127,-9209.142233031063,-13749.273270281945,-18820.369997068643,-8935.065142520089,-187500.02235174447,-5831.3242592006045,46096.047293668664,187500.0,44525.03258288295
67757.03343832892,56497.90096257937,43042.10609699561,28342.32489375173,2761.5803791976427,-103.30976287242925,2440.586977074978,-9919.503023565178,-15060.851283174907,-19979.37500230968,-5735.1223510649625,-180962.85235438973,-7192.344330828707,45647.85011385085,187500.0,43697.548651403034
55695.249819189296,42740.11167765995,43226.23976781843,22470.096942197913,-1970.6415499021473,851.6908707250203,1185.2906567204782,-9470.434125713602,-13931.395284103786,-19085.796962475415,-8700.751805395104,-182617.3061272271,-5969.882723079053,45627.35356418533,187500.0,44147.80219171074
63984.68482311784,52432.632736281485,43466.923352113175,27175.60853667361,850.0815451242382,24.832788089846147,2743.095486533104,-9382.94939791553,-14365.421457936938,-19307.079232582957,-7370.130106226219,-186933.2715193357,-6479.189572237679,46047.27578726719,187500.0,44248.787373159816
62201.03796732879,49948.23634007411,42909.35908667554,25105.904055345545,1076.8623443677836,475.33219758655997,1428.7011538387721,-9953.164750714868,-14809.595323752801,-19893.812524534766,-6500.3343224924,-176401.30834595065,-6895.155536550944,45292.88206015612,187500.0,43571.59657139738
56881.41219394353,44343.69288011705,43519.02526843849,23622.754052013643,-1833.0889145241874,584.2522483172713,1929.4696366154715,-9222.799148893255,-13754.257709295478,-18835.435072831522,-8914.345075410018,-187500.02235174447,-5845.405858207448,46093.52154654521,187500.0,44505.31834427337
67932.65109451427,56723.92180251143,43076.594838690144,28360.586268971714,3090.4862988574864,-97.74417850305778,2477.780279848609,-9900.213468100246,-15040.175919553749,-19971.775409194877,-5795.6955785388445,-180751.38250009806,-7171.84778116319,45662.356396002346,187500.0,43708.27748874158
56361.77883884655,43541.19819893816,43223.04346836132,22666.166444559865,-1417.5699851000293,837.1622368290707,1193.493746935576,-9485.096870076284,-13972.187217734721,-19125.493660628043,-8590.133022085789,-182268.39539627975,-6017.536642257767,45631.13100899828,187500.0,44114.65455468352
64083.993623732764,52582.36707238759,43470.23141029256,27115.79526851121,1199.036979560492,42.200093531619736,2718.6873815879085,-9365.269168051384,-14345.148425715975,-19313.516534986084,-7382.6694348656465,-186737.35847918494,-6467.298444187456,46047.83458087857,187500.0,44250.55316097178
62786.9218929913,50630.27747038335,42911.68366809889,25294.798647737345,1668.3118543996638,424.0349440616303,1468.6884246693164,-9963.424201419855,-14829.287210617926,-19902.08266998323,-6454.535598103475,-176025.7990391015,-6924.4139700429405,45308.617688252656,187500.0,43564.26519921603
57358.13019968632,44950.36392812299,43509.01168692252,23711.289311801116,-1284.9570852466925,595.1822513559165,1889.1917931070082,-9224.408474494037,-13800.101137173313,-18860.200805688,-8870.51330453316,-187174.80446991976,-5882.621512725534,46071.818002679116,187500.0,44466.538067643414
68109.78866932257,56971.221503164954,43101.71819945791,28369.19169058701,3526.4570744582506,-79.70632072762498,2492.3759689779245,-9862.23785427068,-15018.025340798538,-19942.919307103075,-5847.596329164068,-180461.03333962362,-7145.003336072366,45682.09298635638,187500.0,43732.66324194232
57013.376893207664,44340.18365623756,43229.65958472009,22857.944411986402,-788.6142478721438,837.4528095069898,1214.4373314901986,-9478.011367083951,-13987.274645242054,-19140.40227417973,-8470.215913083066,-181480.9434391193,-6041.251843124848,45641.144590514254,187500.0,44112.62054593808
64128.31713298764,52695.33278886471,43478.32274178538,27034.613732649534,1540.3704691374862,87.44002430916123,2683.8633637265402,-9351.455789978003,-14325.434187106393,-19280.547711914507,-7410.810281134878,-186533.21999707463,-6438.665859540208,46088.96179067633,187500.0,44260.589094232215
63181.25136867182,51119.043066387545,42946.105354560066,25411.273588093947,2120.4876447305255,441.1787320588508,1538.5599778366063,-9924.375703856434,-14804.946160906096,-19882.7931145183,-6423.980763433071,-175755.61115212576,-6915.853251916558,45352.27064517387,187500.0,43591.75784489606
57584.15103961838,45283.5390309738,43492.1137681143,23720.051195627595,-948.9656625945166,597.4174258014472,1850.7914961327906,-9230.979887363897,-13796.055471426902,-18871.39902966011,-8820.803024864557,-186771.0425580791,-5902.045178657196,46069.82869742259,187500.0,44458.06675649485
68035.20089807521,56961.297328626795,43113.6763827415,28269.435855082975,3650.0622212960984,-97.29714361395165,2487.1009572864723,-9845.384638951378,-14975.62408156682,-19919.785251591835,-5941.987745998829,-180385.5291468536,-7130.072370776221,45685.132823602304,187500.0,43735.54661697705
57540.72160014172,44974.995550512744,43210.772360655355,22998.02279448781,-385.34407440949377,776.4996023773674,1227.0213636185365,-9505.54871625289,-14027.172509094777,-19201.131963864802,-8382.440612607075,-180934.17506625358,-6122.366323753157,45607.43815987565,187500.0,44046.727603283834
64182.453058058396,52838.83098826778,43479.50738424151,26927.593580197525,1671.5528573456834,88.17763187618637,2630.6215084339988,-9340.592842172724,-14299.9755501718,-19279.653642136294,-7444.583767006847,-186335.2282446895,-6452.568644591409,46063.57020897511,187500.0,44244.76405915786
63710.674787840224,51773.92682718359,42971.45223277238,25545.33935133688,2465.732689587199,391.75902506816686,1594.50639420824,-9916.53024155262,-14788.607035709267,-19891.93497800052,-6396.21989681958,-175487.8149018067,-6948.263281376753,45367.29101744783,187500.0,43587.935696594206
57985.320149102234,45813.99063038715,43492.9631344036,23741.97825693825,-657.2977491972148,599.1608618689611,1795.3368181391738,-9248.838931183689,-13790.646349268718,-18874.81884656177,-8754.664213021304,-186316.05044794685,-5934.075228461651,46057.13290657198,187500.0,44431.49053233749
67833.69992181062,56904.56860119923,43178.87642131763,28066.973753806804,3526.121798291421,-37.43917196263933,2449.4159161348243,-9795.60730404941,-14873.722478595077,-19820.565857954723,-6042.548244303256,-180285.12511076036,-7064.939387433456,45757.32895819294,187500.0,43799.539661352595
57688.53368622466,45268.36219648865,43242.17656161506,23002.113163723134,-330.7387627051786,782.1545937245601,1225.0544101064695,-9521.664324005167,-14019.39410202433,-19201.534295264995,-8294.374739453166,-180709.62944145556,-6141.097085606705,45637.16598000121,187500.0,44075.42724316445
63381.36653678019,52165.015299918094,43508.76581773351,26539.63435168676,1139.8048567539283,163.88299034631137,2483.2788089846144,-9349.265319021382,-14221.431520155851,-19230.636266545807,-7537.432913474192,-186537.66799422124,-6403.707731212107,46097.16488089143,187500.0,44280.437443308525
63377.79025766734,51531.6115655436,43017.0050879723,25486.733077375065,2154.149371880218,361.4500595867705,1655.0125664487562,-9925.135663167914,-14771.239730267494,-19871.840759735198,-6415.12947262877,-176357.74479600726,-6935.165159125943,45402.22679403148,187500.0,43620.368077798856
57692.266427548704,45553.68221446064,43478.88153539676,23670.519729914635,-918.2543657129247,620.4397225904135,1735.210625554398,-9260.484190044903,-13811.947561734625,-18917.622437193684,-8667.76063057907,-186337.19519820157,-5964.94298755443,46036.97163307329,187500.0,44396.62181098721
67108.7881456361,56192.6655402977,43206.45847397548,27862.49999552965,2968.82575378725,-36.790971373435426,2431.1545409148384,-9777.79296371853,-14808.880067930231,-19774.409505654516,-6157.726783481453,-181132.0997634053,-7016.033770565245,45779.14426078132,187500.0,43826.89819656589
57870.02985120176,45405.04311383285,43234.71107896699,23203.323567309806,-300.0945210569526,737.6969740029543,1282.7889660345277,-9540.216271903071,-14068.299718892542,-19265.080304751435,-8118.019475700793,-180928.4083161841,-6226.145473259148,45596.99989521503,187500.0,44017.13389362501
62877.53586501311,51617.30815378525,43496.98644840556,26392.537521426384,782.7804425693087,195.6001157283921,2385.266409548093,-9334.021429302864,-14193.290673886619,-19213.023091915024,-7568.8594661783545,-186703.0709031905,-6389.7825944164515,46075.41663353642,187500.0,44270.78148970383
63231.0734070627,51357.849104148045,43052.074975022675,25546.076958903905,1947.328680435262,349.17895188080695,1720.4361224694399,-9890.356348795456,-14749.53618640139,-19846.046846633773,-6417.02937090747,-177011.26510039152,-6921.307077563653,45426.34432629876,187500.0,43649.04536593502
57476.63914878835,45309.04237139731,43463.056500322404,23651.096063982972,-1148.9243684916937,621.8255307466425,1675.240895180809,-9280.6901670325,-13827.996114253536,-18926.65254195363,-8611.70245548516,-186350.51683789692,-5990.245162277837,46022.84533057753,187500.0,44379.54507822336
66516.6457315261,55601.707768643835,43240.94721567002,27716.20782806967,2469.331320444503,-6.347895425307206,2404.466558035202,-9731.5472044405,-14768.378706977215,-19739.406673837504,-6259.9413108755725,-181842.54996091724,-6976.38177590153,45808.313287295496,187500.0,43847.282987509134
57850.15915038099,45373.30363670631,43252.88304720915,23289.08721078482,-480.49545055573594,743.1060961611386,1344.8821121313706,-9509.46027153257,-14109.516335668128,-19301.938331358237,-8024.611535622065,-181323.67656513175,-6247.223168280503,45598.56451732689,187500.0,44024.84524546209
62341.00459110792,51064.59421689442,43485.31883779989,26238.28813294031,331.83399818348863,217.70599099469078,2309.5163475890577,-9337.307135737794,-14182.226560381241,-19216.979350683614,-7589.557181543968,-186960.36183361555,-6375.321015753868,46103.60218329456,187500.0,44282.06912065377
62733.38946502084,50841.32264153036,43079.92524861399,25475.981888292063,1498.1927273503218,352.64347227137955,1753.6508147300262,-9879.359290523445,-14732.973543760008,-19813.480354962394,-6454.89322601476,-177940.09184123183,-6909.46065300234,45452.58527428929,187500.0,43665.518601598575
56908.4801564789,44644.01091861855,43472.84656439383,23539.002065539607,-1584.7163301368155,631.83911226262,1661.0251857072337,-9291.128431693129,-13827.526727619974,-18945.69622822955,-8574.1738765447,-186671.89021967535,-5994.827269891175,46024.96874630079,187500.0,44372.68309267558
65612.3835578422,54578.936645857895,43246.04341340583,27521.30061641939,1843.5048274403607,-0.9387732671228967,2390.8990491508307,-9740.3984952448,-14728.883174524686,-19724.922743430467,-6332.226852444035,-183073.59463853773,-6957.80747625917,45806.50279599462,187500.0,43860.53757197113
57603.86527822796,44975.28612319066,43231.64888997661,23363.987906454553,-740.2227211264039,701.3753892630804,1368.8878856763704,-9565.943129771129,-14146.910804141857,-19311.21430530719,-7922.218194272304,-182249.2175995371,-6300.420320084134,45579.297313606425,187500.0,43990.64707644547
61832.68121870533,50393.97482800184,43473.02537834947,26152.211565042922,-66.49643975453851,241.39884011731627,2270.2890360699935,-9354.428571990558,-14181.935987703322,-19182.490608989076,-7593.066405423451,-187382.0274927649,-6382.652387935208,46071.90740965693,187500.0,44256.811649419265
62801.13760246487,50791.56765837284,43082.62980969308,25638.032035593038,1379.5273160370966,302.6426199248576,1811.1171497246207,-9899.855840188962,-14743.143587487173,-19823.40452950055,-6423.354914588323,-178797.9964969154,-6941.982441184812,45463.35881511674,187500.0,43657.628435805855
57369.775458547534,45026.35985927103,43438.87191282176,23757.51271933469,-1452.0363750501126,595.6292862450226,1664.8696857535465,-9320.878603563144,-13877.035841588478,-19001.217961456536,-8469.992395638514,-186732.5752058715,-6055.758125276342,45976.48781257723,187500.0,44315.14970244762
66086.41935425036,55042.46712237205,43245.59637851672,27681.42851369721,1970.775660368879,-6.884337292234576,2408.0651888925063,-9717.666771133754,-14744.194119476571,-19724.028673652254,-6327.980020997527,-183057.47903078547,-6973.2525316777865,45825.792351459546,187500.0,43848.64644392091
58048.5532341663,45437.14021887067,43241.0589743923,23462.670858224734,-604.3017630936818,705.8010346652311,1380.734310237683,-9551.481551108545,-14134.080902824511,-19309.046186095024,-7892.84800205803,-182035.6690330111,-6306.052959686871,45584.28175261996,187500.0,43985.23795428729
62025.21914544334,50600.70611246897,43478.50155574102,26140.36514048161,-6.5937646143155835,245.15393318580786,2283.476565298625,-9328.254679233394,-14157.99726939169,-19193.353556794355,-7618.837966780421,-187428.02738285394,-6392.285989795446,46087.86655519802,187500.0,44264.925332656545
62980.2644825297,51022.3941233628,43107.41789429401,25636.847393136908,1411.4903106081856,349.3130623475388,1841.4261152060171,-9857.499284446154,-14734.158186216138,-19808.96530258242,-6412.0896353828475,-178881.6814281561,-6930.828920701614,45516.354801220274,187500.0,43679.53314537205
57152.47179895303,44819.04742944807,43451.16537227218,23620.943560712763,-1587.5550016826394,641.3386036561255,1655.6160635490494,-9302.751338809889,-13847.68800111866,-18948.244327097455,-8489.77368948146,-186807.05121839658,-6014.832081178675,46008.048475748124,187500.0,44358.40032796864
65677.62829990724,54628.46811157085,43250.24554136342,27544.904058564196,1742.9666808803895,6.169081469664749,2394.788252686054,-9717.711474622665,-14708.230162647984,-19673.491379438805,-6375.723347154063,-183619.91597651434,-6944.4858365638065,45838.26462486561,187500.0,43877.32373205706
57675.07793606257,45039.86031292204,43230.64306147612,23368.65942104571,-816.9562598414732,712.3053923017254,1345.5750162094853,-9562.188036702639,-14162.400563049385,-19300.753688902103,-7896.692502104343,-182689.45755832884,-6311.8867649897065,45587.813328243894,187500.0,43981.70637866335
61404.48885017501,49911.19949951166,43475.104090583816,25979.27611819221,-342.5181320331254,262.3200729274837,2256.5203614855245,-9322.644391375112,-14151.85053966648,-19150.773483606994,-7656.9700428211745,-187500.02235174447,-6362.7816871144405,46112.52052933223,187500.0,44285.198364877506
62578.04484105645,50561.99289107238,43088.86594639611,25602.559817142468,1140.587167809864,314.10906483043016,1827.8362545771904,-9878.331110278501,-14745.177596232606,-19818.73301490939,-6425.612440778308,-179872.69072207104,-6944.0388016747,45501.37913243522,187500.0,43675.77805230356
56749.78277084622,44324.44802814103,43440.16831400017,23561.644382672835,-1856.8935223690896,632.5096645962792,1628.8386736915916,-9304.248905688395,-13863.960071082125,-18953.586394022273,-8499.161422152689,-187190.6295049941,-6032.534662787279,45990.6588185619,187500.0,44340.496580659936
65278.51555091328,54150.38664941629,43269.57980031727,27498.457133586067,1431.4951218956855,17.322601952862975,2404.8688894353977,-9688.162468452749,-14706.330264369282,-19650.960821027857,-6408.021617891982,-184109.5532905523,-6918.043722873178,45858.224732664195,187500.0,43891.181813619354
57559.89939688437,44852.39623217538,43232.27473882136,23424.739947884078,-977.5311920083991,688.8807641125637,1376.934513680281,-9569.742926328532,-14171.095391642499,-19328.469852026683,-7848.2115683807815,-183325.38703982678,-6339.044134502904,45585.46639507609,187500.0,43970.329340735596
61214.32020834926,49646.53249341637,43470.969017859585,25979.05260074766,-521.91323303142,249.66898556577988,2235.9791083310974,-9336.100141537207,-14157.907862413867,-19188.637338714285,-7680.0370430990515,-187500.02235174447,-6374.091669808826,46104.96563970633,187500.0,44268.68042572504
62604.68812044718,50556.31554798073,43093.85038540964,25699.633443311865,1066.0888035403257,293.7019221427348,1832.2618999793413,-9889.037595872593,-14759.102733028261,-19837.664942463034,-6425.5900890338535,-180326.00645136912,-6969.296272909198,45494.27127769843,187500.0,43660.847087007416
56653.133827821475,44173.68551178998,43442.89522682372,23570.495673477137,-1961.7008521200244,634.677783808444,1612.0078101167453,-9308.719254579455,-13875.292405520966,-18984.81178102634,-8513.06420720389,-187323.13064612518,-6052.874750241608,45997.073769220566,187500.0,44325.185635708054
65165.52748269171,53984.067318924346,43287.05886448132,27521.702947819587,1324.877300843871,19.69188686512552,2399.683284721766,-9688.788317297498,-14693.343900840748,-19655.252355963275,-6441.7951037639505,-184355.6683487497,-6927.096179377578,45871.25579968164,187500.0,43889.863060696494
57483.34467212495,44713.21191945219,43255.431146077055,23443.649523693268,-1072.1908297766245,719.7038197164321,1369.8266589434934,-9558.455295378602,-14145.145016329887,-19324.938276402747,-7825.613954736466,-183621.45824688175,-6331.645707088198,45606.38762788625,187500.0,43976.94545709437
60959.622080281035,49303.27675381622,43492.44904428114,25912.98084413777,-712.7524271908317,280.8720208253886,2220.087018023374,-9316.251792460895,-14127.487138210196,-19144.157367248223,-7694.275104317082,-187500.02235174447,-6356.836123089329,46125.19396843838,187500.0,44288.93110620155
62563.538558904955,50452.3575845191,43119.66665025552,25731.819955327508,932.0230402973939,301.1450530463521,1849.8974263545783,-9879.582807967998,-14745.691686355078,-19808.652378160048,-6397.739815442541,-180776.416453888,-6963.171894928443,45528.4470949706,187500.0,43671.799441790514
56565.33617560103,44007.61205048705,43448.17023851517,23564.70657166321,-2100.2369642540175,641.6515280784998,1599.8708128775136,-9319.93983029602,-13855.98049831158,-18956.939155690572,-8500.860154731292,-187449.93209242012,-6044.716363515421,46005.96976351378,187500.0,44324.47037988548
65162.152369278956,53924.74578913997,43274.43012886407,27554.671770891164,1223.5344914835086,-0.9834767560335107,2388.216839816194,-9698.891305791296,-14708.610142303723,-19666.338821213107,-6450.646394568253,-184533.34236542493,-6940.127246395022,45882.94576203177,187500.0,43880.18475534734
57594.41049032337,44785.408054042826,43242.444782548526,23504.69213780071,-1101.8739464132723,693.7534444038206,1352.7499261796388,-9583.243379979538,-14185.892246471913,-19333.744863718137,-7806.056178338073,-183709.76998922467,-6368.034347061437,45595.6140870588,187500.0,43950.72686084829
60946.479254541315,49232.198206448345,43487.84458492334,25899.54744572013,-782.5345733803002,272.4901166546484,2198.316418923905,-9332.345048468715,-14135.690228425292,-19154.528576675486,-7714.950467938241,-187500.02235174447,-6360.859437091284,46122.17648293692,187500.0,44264.12066985615
62729.67907544126,50596.10165311118,43108.22255709441,25812.755622000175,958.2192847990137,280.1567650028187,1851.5291036998158,-9898.58179075501,-14763.72954413051,-19820.275285276806,-6387.50271648201,-180909.23051944145,-6981.723842826348,45528.96118509307,187500.0,43652.26401713658
56572.75695476019,43965.590770911076,43456.283921752445,23548.970943566674,-2122.6334121982354,661.4775254103572,1593.701731407849,-9310.239173202417,-13863.289518748465,-18952.066475399315,-8504.458785588597,-187435.85049341328,-6057.9038927440515,46006.34974316952,187500.0,44317.27311817087
65147.78019759419,53871.794506525344,43292.0209517504,27550.26847723347,1183.9942555420705,1.6316773452374156,2398.677456221277,-9696.343206923391,-14690.058194405818,-19654.51474839625,-6464.772697064006,-184674.27011421564,-6927.99024915579,45914.97581183622,187500.0,43899.92134570138
57665.84666560253,44820.72381028221,43238.60028250221,23529.7037398462,-1066.111155284781,687.1149763005944,1351.453525001231,-9596.989702819552,-14206.232333926242,-19374.11211420442,-7782.96682631574,-183774.85826907854,-6388.888524638239,45581.84541247433,187500.0,43933.73953506226
60890.421079447406,49119.03132427113,43500.383913562764,25875.765189619684,-771.7163290639317,289.03040755157565,2216.9130703107203,-9325.058379776285,-14130.12464405592,-19153.612155152816,-7726.640430288367,-187500.02235174447,-6351.87403582025,46135.58752961011,187500.0,44273.441347294014
62834.48640519219,50676.76909885038,43114.503397286346,25859.582526634043,1029.655460078175,292.7184453867013,1863.6437491945924,-9893.15031685237,-14770.144494789183,-19824.8797446346,-6357.953710312094,-181038.53536111538,-6987.110613240077,45534.19149329561,187500.0,43659.64009280683
56621.14848150593,43980.83466062959,43455.07692755186,23560.303278005515,-2040.3566408582499,662.9974440333181,1598.4626529768293,-9314.731873837933,-13862.50720769253,-18953.876966700194,-8486.420927813164,-187442.35485104978,-6056.629843310099,46030.847255092536,187500.0,44319.9106240166
65195.05413711717,53905.79150984187,43289.58461160477,27570.183881543147,1253.8881604538155,10.147691982709407,2410.14390112685,-9680.831096271408,-14682.257435590916,-19630.732492295803,-6464.817400552917,-184750.86954246397,-6934.4499033033735,45913.92527984682,187500.0,43901.21774687979
57828.455606514886,44969.63113184347,43224.87631140665,23568.70753392071,-937.3874589666676,674.486240683346,1355.5215424920968,-9613.150014060739,-14234.082607517554,-19374.06741071551,-7764.593692373478,-183717.28017536167,-6395.5940479748315,45590.763758511996,187500.0,43922.04957271214
60890.66694863641,49100.94876300678,43485.452948266626,25838.393072890412,-715.4346365254685,282.213125492707,2185.419462373193,-9327.002981543897,-14137.031333092611,-19143.911498059213,-7752.1214189674165,-187500.02235174447,-6368.749602884007,46130.69249757439,187500.0,44256.83400116373
62961.01963055368,50821.69780989859,43124.852254969155,25887.969242092284,1097.4483010111214,285.7670528611008,1886.3978250500948,-9889.52933425061,-14755.973488804519,-19801.991558312366,-6344.475608405543,-181108.0492863714,-6981.835601548624,45559.8065924414,187500.0,43659.997720718115
56661.20280756984,44009.17667259892,43435.56385464238,23535.13521374884,-1983.6726169195913,660.2928829542259,1578.6813591338826,-9328.031161788842,-13877.907559622236,-18976.787504766882,-8472.518142761963,-187408.4919582,-6070.510276616845,46003.42166464587,187500.0,44288.32760910125
65158.46433144383,53862.987919209954,43300.69342859906,27526.195648455105,1229.167131086246,31.828884104357257,2417.3188110970036,-9656.177122137204,-14662.722010936977,-19607.7772507402,-6475.278016958001,-184864.0811281301,-6908.857155902047,45954.18077161083,187500.0,43914.36057261951
57893.70034857993,45021.5765859576,43221.97058462746,23574.787208412556,-894.8520892682183,680.1412320305386,1377.6721212473062,-9606.019807579494,-14223.912563790389,-19364.07618094399,-7709.898973691342,-183737.08382094908,-6402.344274800334,45595.45762484761,187500.0,43921.960165734316
60751.12500800193,48920.59253699691,43500.3168583294,25758.99967658516,-778.2653901893366,317.953564876743,2184.704206550623,-9301.700806820489,-14117.585315416494,-19121.02331173698,-7753.037840490084,-187500.02235174447,-6338.01595425796,46147.1433814935,187500.0,44279.72218748596
62960.52789217567,50811.70658012707,43137.39158360858,25899.12276257548,1076.2811990119458,290.4609191967153,1906.2685258708627,-9866.752906650652,-14752.173692247117,-19792.067383774207,-6324.493148862499,-181338.2499025166,-6969.184514186921,45593.66948529118,187500.0,43683.556459374005
56586.995015978224,43899.02727592317,43447.186761759134,23507.709623302177,-2005.0632363633201,662.9974440333181,1581.4306237018852,-9322.465577419469,-13871.000870585547,-18955.08396090078,-8448.601776194784,-187446.22170284056,-6052.830046752697,46019.649031120425,187500.0,44308.35477213321
65072.11954261298,53758.11353422565,43309.09768451425,27530.68834909062,1211.9339361112043,27.425590446661765,2417.43056981928,-9651.438552312678,-14664.554853982312,-19618.103756678553,-6487.258551986045,-185002.86310945312,-6924.011638642745,45954.76191696667,187500.0,43915.43345635336
57947.25512829485,45060.11099339855,43231.69359346552,23623.71517702522,-826.2992890237915,674.4638889388906,1390.7925952425715,-9609.014941336507,-14220.068063744076,-19383.522198620107,-7681.6240169553785,-183805.74837991578,-6427.8252634793835,45612.579061100376,187500.0,43921.200206422836
60661.22629180268,48798.84258494885,43505.301297342936,25732.937542550273,-767.2683319173256,331.6551842278462,2184.4583373616147,-9301.320827164749,-14121.228649762708,-19120.956256503614,-7755.8765120359085,-187500.02235174447,-6355.204445744092,46147.67982336043,187500.0,44277.33055082924
63057.82503578962,50907.707322562615,43134.37409810712,25968.56963259812,1173.6901013481738,270.3443491869389,1915.7903690088237,-9878.912255634339,-14772.379669234715,-19810.82049737221,-6309.2492591439795,-181462.65971215485,-6993.771433087759,45585.242877631536,187500.0,43672.805270291006
56590.72775730226,43871.624037220965,43460.955436343604,23500.490009843114,-1944.2217879559742,688.8584123681084,1571.8193735861032,-9312.608458114679,-13868.899806606747,-18967.95856570704,-8451.663965185162,-187406.81557736584,-6069.39268939408,46029.707316125314,187500.0,44307.03601921035
64988.36755613895,53652.74741086333,43330.018917324414,27494.366764350747,1175.23237171559,47.7880296454465,2423.979630944685,-9630.360857291325,-14628.32267622026,-19597.517800035217,-6502.323627748922,-185133.01731741635,-6896.049606329157,45975.884315476935,187500.0,43947.55291313564
57969.450410538964,45055.4841822963,43232.297090565815,23613.589836786967,-811.994172572395,677.7495953738207,1394.4359295887864,-9611.652447182232,-14240.788130854145,-19387.83608529998,-7658.1993887662165,-183868.62383706856,-6437.056533939426,45612.62376458928,187500.0,43910.60547955102
60507.870973094825,48599.71089359652,43513.03500092447,25656.069893368473,-835.3964490171014,331.1187423609188,2174.3329971233607,-9297.677492818535,-14096.082937250489,-19087.182770631644,-7779.144678013883,-187500.02235174447,-6323.263802917458,46171.149155038496,187500.0,44293.82613823726
63059.92609976842,50892.08345318836,43137.12336267512,25973.79994080066,1152.1206679488025,260.06254673749766,1921.0430289558208,-9892.859744174451,-14772.849055868275,-19804.606712413635,-6309.092796932793,-181693.26265970024,-7010.423482706962,45596.37404637028,187500.0,43669.87719176736
56551.88042543893,43792.36475138245,43439.49776166651,23467.476483282626,-1946.971052523977,679.7612523747983,1573.8980858204468,-9315.447129660502,-13871.2243880301,-18979.536769334885,-8441.315107502354,-187450.55794126488,-6083.4966401453785,46013.45759790631,187500.0,44290.69689401351
64882.64380486534,53526.571813413124,43308.225966480495,27453.70894118654,1128.8077984819172,44.21175053259737,2412.7814069725764,-9629.265621813014,-14648.729818907956,-19614.058090932143,-6547.183578870724,-185295.06746471734,-6906.242001800776,45961.28862634762,187500.0,43933.22544493979
58036.10331250469,45098.91362177296,43216.136779324625,23640.97072374472,-756.5394945787782,651.8439235501198,1410.6856478077946,-9623.118892087805,-14258.647174673937,-19397.64850111586,-7640.60856587989,-183976.80628023224,-6457.821304538406,45610.1650726992,187500.0,43902.581203291564
60392.647730427714,48454.312795914746,43488.53748900146,25604.459715421166,-846.7287834559421,322.4462655122597,2138.458447272593,-9312.98843777042,-14124.60376317546,-19114.206029678113,-7825.949230903296,-187500.02235174447,-6353.25984397648,46160.241503744306,187500.0,44269.686254225526
63134.558574504685,50967.45353549165,43129.09908641566,26026.460650737365,1211.3751424998215,244.3269186409615,1945.2499682009184,-9886.869476660428,-14775.084230313807,-19810.664035161022,-6314.233698157514,-181884.61594398212,-7015.922011842968,45604.71124705211,187500.0,43666.569133587975
56508.495689451185,43720.92857610328,43425.86319754877,23439.894430624776,-1925.6921918025246,678.9565895744073,1552.1274867209777,-9328.589955400224,-13886.93766438218,-18991.04791772937,-8452.848607641294,-187440.0302696264,-6097.06414902975,46004.22632744627,187500.0,44278.559896774284
64798.86946664685,53430.57107097758,43321.23468175348,27431.133679286682,1097.2918387999343,48.16800930118672,2412.0885028944617,-9622.33658103187,-14629.663780887578,-19555.16124429241,-6568.305977380989,-185441.0690594994,-6889.880524859492,45979.75116726771,187500.0,43946.92706429089
58026.29089668881,45067.79999349118,43234.21934058897,23624.855115992443,-765.994282483373,677.5260779292677,1414.2395751761885,-9610.512508215012,-14247.717171635291,-19362.757428021127,-7598.699045026189,-184059.48538297243,-6445.729010788084,45620.62568910429,187500.0,43912.572433063084
60216.828908542266,48236.7856188757,43494.728922215574,25541.427796057204,-917.2932407013466,336.03612614108636,2143.442886286126,-9307.758129567877,-14091.567884870516,-19088.188599132132,-7819.735445944721,-187500.02235174447,-6336.473683890544,46183.10733832209,187500.0,44287.88057421215
63126.75781568979,50952.164942284224,43127.89209221507,26045.593743991107,1193.3372847243888,252.8876367673441,1962.1255352646751,-9872.497304975666,-14800.699329459589,-19805.232561258385,-6306.477642831522,-182097.69512387458,-7030.62945969456,45615.708305324115,187500.0,43664.51277309809
56404.82829866747,43573.451766187165,43431.0040987735,23399.39306967176,-1965.2771312328734,683.6057524211112,1557.603664112528,-9322.353818697193,-13884.635434703283,-18966.572757550806,-8454.457933242074,-187481.33629337983,-6087.63171286961,46020.58780438755,187500.0,44287.81351897878
64713.35169236085,53310.65396197486,43324.90036784415,27428.585580418778,1063.3171872278676,41.59659643132645,2409.9650871712074,-9618.492080985556,-14634.670571645567,-19579.122314348497,-6586.321483411966,-185563.69072958123,-6894.2391150282765,45986.56844932657,187500.0,43939.39452640945
58091.870914920684,45097.907793272476,43204.69268616351,23674.36422996095,-691.3394560026475,642.8138187901758,1419.0452002340794,-9642.6766684862,-14269.577177712581,-19414.904047835356,-7574.179181358717,-184075.06454885777,-6466.963168020627,45599.88327024976,187500.0,43886.443243794834
60172.080716142744,48135.82278917108,43485.31883779989,25519.76895568001,-877.4624320819894,327.09542835896355,2129.405990768193,-9311.021484258352,-14112.064434536032,-19121.582105348363,-7847.876292213952,-187500.02235174447,-6346.487265406521,46152.99953854079,187500.0,44262.51134425537
63240.88582287858,51043.896501528805,43147.069888957725,26096.421610882477,1285.7393963026282,256.7097850692016,1969.7921836128455,-9876.364156766434,-14792.07155609984,-19805.232561258385,-6298.431014827611,-182130.61924345724,-7037.379686520063,45626.683011851674,187500.0,43661.78586027454
56449.39767711135,43570.031949285505,43443.72224136857,23407.05971801993,-1866.9294556295224,707.4327120104685,1551.21106519831,-9323.046722775307,-13873.50426596454,-18959.84488246976,-8428.95459281857,-187418.2373187825,-6085.128317490616,46034.87056909449,187500.0,44286.71828350047
64742.25249794156,53311.0339416306,43331.04709756936,27439.135603801682,1128.4501705706323,37.37211672927341,2403.0360463900624,-9626.292839800459,-14615.895106303109,-19553.842491369545,-6595.306884682999,-185607.74601790262,-6878.659949142927,46016.47508340777,187500.0,43956.60536964004
58235.68203874613,45221.73645755488,43216.002668857895,23721.88403867293,-547.4612769438359,639.4163536329692,1425.7954270595822,-9641.939060919174,-14304.73647174078,-19441.882603392914,-7571.385213301804,-183923.25150051733,-6502.949476593671,45592.9095259797,187500.0,43857.76595565867
60124.78442487532,48045.56644506055,43502.86495719731,25471.086856256352,-837.7880856738193,353.62694902741305,2135.1727408376623,-9285.585199068213,-14082.850704532946,-19091.69782301162,-7866.137667433938,-187500.02235174447,-6323.82259652884,46187.10830057959,187500.0,44275.900039184104
63357.53957719083,51156.90692149483,43131.557778305745,26141.438024215466,1376.9568654247362,232.10051442390855,1991.6298379456805,-9874.95599686575,-14818.938352935118,-19817.101337564152,-6296.262895615447,-182163.67747350663,-7037.647907453526,45643.78209635998,187500.0,43661.24941840761
56492.80476484356,43588.24862101658,43418.800046300894,23401.58354062838,-1770.8393062161574,679.224810507871,1543.2314924277655,-9337.441246204526,-13896.593617986873,-18998.446345144075,-8449.451142484086,-187351.24914064995,-6103.032064799317,46011.49064439424,187500.0,44262.980730888936
64772.24853900058,53328.84828196148,43323.447504454554,27433.011225820926,1201.80859587295,49.82203839087944,2409.8756801933864,-9602.532935444468,-14638.693885647523,-19574.9201863909,-6636.121170058391,-185649.5214282896,-6900.855231387047,45996.42556863136,187500.0,43931.526712361185
58333.269755037996,45313.26685109936,43219.780113670844,23732.88109694494,-457.80842993359926,665.612598134589,1442.156904000867,-9627.678647956687,-14288.039718632666,-19421.967199083236,-7542.104428065351,-183837.73372623132,-6495.349883478866,45610.38859014375,187500.0,43876.87669716796
60089.69218608048,47990.178822300295,43494.43834953765,25443.32598964286,-785.2391344593924,347.5919780244801,2115.279688272439,-9300.292646919805,-14098.765146585125,-19076.990375160025,-7877.693519317332,-187500.02235174447,-6335.646669345698,46190.23754480333,187500.0,44277.88934444062
63441.13510145368,51248.61612899496,43141.79487726628,26165.779073927293,1434.9819940307134,232.81577024647837,1995.5860967142698,-9869.099839818458,-14809.416509797158,-19808.786488626778,-6287.188087366591,-182193.65116282122,-7045.515721501794,45653.43804996467,187500.0,43656.60025556091
56505.58996267199,43580.9843040686,43417.52599686694,23379.94705199564,-1715.854014856102,673.5251156717677,1539.1634749368995,-9338.335315982738,-13903.880286679303,-19019.3899296987,-8442.209177280567,-187307.3056110508,-6111.25750675887,45996.49262386473,187500.0,44240.71839341145
64749.76268407854,53293.644284444366,43333.99752783746,27422.081222782283,1223.2886222945003,48.4362302346504,2427.1312269128834,-9588.540743415446,-14632.36834196667,-19578.943500392856,-6655.187208078767,-185720.26469949065,-6889.74641439276,46012.40706591691,187500.0,43939.573340365096
58422.31910494794,45395.83419511726,43220.42831426005,23759.70319029131,-366.1215741779297,647.3288711701479,1448.929482570825,-9635.725275960598,-14315.800585246157,-19442.351990026473,-7522.926631322698,-183757.7368328258,-6515.779377911017,45602.65488656222,187500.0,43851.01572883317
60004.82261238368,47873.59212322142,43516.99125969306,25387.871311649244,-780.1429367235824,372.7153387922453,2122.923984876154,-9276.666853030545,-14086.762259812625,-19056.53852898342,-7896.379577681969,-187500.02235174447,-6315.306581891368,46205.66024847749,187500.0,44290.652190524605
63540.57801253534,51355.189246557864,43151.339072148694,26223.04424322179,1519.762160749693,231.8993487238108,2019.323649325806,-9864.450676971755,-14798.330044547325,-19812.92156135101,-6263.361127777234,-182249.016433837,-7051.215416337898,45677.24265780958,187500.0,43670.50304061211
56504.89705859388,43566.90270506176,43434.37921218624,23365.15019716623,-1669.6306073225269,711.8136539237087,1532.927338233869,-9329.79694960081,-13897.197115087167,-18990.243254928977,-8427.591136406796,-187233.50015085939,-6102.987361310406,46011.58005137206,187500.0,44256.34226278571
64708.56841904741,53243.375211164384,43353.801173424865,27401.22704520548,1218.170072814235,56.75107917202463,2426.751247257143,-9579.08595551085,-14601.500582873892,-19532.608334137003,-6645.419495751798,-185798.07112193957,-6857.559902377117,46062.76554617471,187500.0,43972.40805296994
58524.310114897504,45493.35485617576,43216.18148281354,23796.47180992029,-287.1081575284192,627.7263912828436,1454.025680306635,-9647.705810988642,-14330.440977864382,-19449.884527907914,-7475.853857499821,-183681.47268074428,-6527.044657116492,45613.204909945125,187500.0,43848.95936834328
59958.48744612783,47809.822596290425,43510.4198468232,25353.091997276784,-749.7445642643648,367.97676896772015,2097.353589219283,-9284.847591501188,-14085.041175489567,-19076.789209459926,-7902.928638807373,-187500.02235174447,-6325.387218640712,46182.86146913308,187500.0,44275.31889382826
63633.225993302585,51465.33864323362,43160.45858388646,26257.220060493953,1578.703710878338,221.03640091853154,2024.4421988060712,-9858.750982135653,-14797.905361402674,-19804.15967752453,-6243.780999634386,-182278.23016384008,-7055.1940268509425,45695.973419663125,187500.0,43675.30866567
56505.67936964981,43559.03489101349,43422.666898091666,23347.313505090893,-1620.1214933540218,688.7690053902871,1530.2004254103215,-9336.167196770573,-13895.520734253018,-18995.182990453603,-8405.731130329506,-187173.1727925745,-6123.774483653842,46003.68988557934,187500.0,44247.71448942596
64690.99994790554,53229.15950169081,43343.56407446433,27395.728516069477,1256.324500599444,35.18164577265332,2419.7104477537214,-9582.058737523406,-14607.60260911019,-19536.899869072422,-6659.836370925471,-185849.59189290905,-6870.814486839115,46044.77239188819,187500.0,43960.24870398625
58580.189476035775,45558.5548947519,43213.141645567615,23806.775964114186,-225.86437772087785,621.5573098131788,1445.9790523027245,-9658.76992449402,-14339.64989657997,-19451.60561223097,-7458.173627635673,-183592.46803432325,-6564.461477334676,45607.97460174258,187500.0,43822.6960686083
59829.33906666507,47664.536257330925,43516.27600387049,25285.165045877107,-778.7794803118087,354.58807403899124,2109.490586458515,-9266.74267849239,-14048.898404705335,-19058.974869129048,-7916.272630247192,-187500.02235174447,-6320.067503460348,46208.81184444569,187500.0,44287.67940851205
63668.58645303088,51518.021704914776,43163.92310427703,26283.1033805732,1604.9446588688684,193.7449209386016,2043.4411815930823,-9853.297156488557,-14795.804297423876,-19795.286034975772,-6240.875272855195,-182369.17941202872,-7082.530210319783,45688.26206782604,187500.0,43666.21150567669
56451.76696202361,43504.02724790898,43433.015755774475,23323.66535945718,-1616.9028421524577,687.4949559563346,1518.957497949302,-9322.957315797486,-13894.89488540827,-18964.829321483296,-8410.916735043136,-187142.81912360422,-6138.750152438897,46016.922118296876,187500.0,44249.36851851565
64611.69595857811,53161.23255029113,43365.893467175185,27388.732420054963,1229.7259246976287,28.364363713784662,2427.4217995908025,-9559.818751790375,-14580.378184363626,-19515.643360095426,-6676.264903100122,-185935.1767224284,-6880.224571254799,46051.79083964716,187500.0,43968.585904668085
58650.016325714154,45646.97839581709,43223.199930572504,23860.39779906247,-170.2308857716186,604.905260193975,1465.156849045378,-9646.230595854593,-14327.26703015173,-19452.700847709282,-7415.6606096816795,-183533.63824291687,-6588.2437334351225,45609.78509304346,187500.0,43829.49099892271
59747.44227498082,47578.50439292245,43517.55005330444,25255.99601936293,-798.381960199113,351.6376437708907,2077.9522750320766,-9279.393765854093,-14050.954765195223,-19058.3490202843,-7924.85570011803,-187500.02235174447,-6328.404704142178,46208.72243746787,187500.0,44284.61721952167
63739.46383469866,51621.04089510929,43162.87257228763,26336.568753310294,1627.2516998352648,172.22019102814093,2037.674431523613,-9869.90450261885,-14788.562332220357,-19794.7719448533,-6214.8578423092185,-182390.01123786106,-7093.706082547436,45691.30190507197,187500.0,43655.90735148279
56452.906900990834,43498.79693970644,43438.961319799586,23320.245542555516,-1611.8066444166475,688.8360606236531,1507.7816257216484,-9332.300344979805,-13875.471219476607,-18971.065458186324,-8386.66509230913,-187069.61716051307,-6148.093181621216,46001.38765590044,187500.0,44227.0391258048
64564.80199871088,53106.82840428691,43386.34531335179,27369.196995401027,1174.3159501929224,47.296291267429744,2424.471369322702,-9544.351344627303,-14550.650364238069,-19491.9505109728,-6667.815943696016,-186000.4438162379,-6858.521027388696,46070.0745666116,187500.0,43983.94155310888
58702.63233216195,45699.884974942805,43232.38649754364,23878.81563649364,-178.23281028661853,614.002420187285,1474.2763607831432,-9642.453151041645,-14329.07752145261,-19442.776673171124,-7375.740394084501,-183469.1087566744,-6585.092137466924,45623.17378797219,187500.0,43833.313147224566
59673.05566943356,47486.86224065569,43523.00387895154,25230.604437661703,-831.9989838598948,367.0826991895079,2087.1388420032076,-9267.100306403674,-14035.308544076508,-19033.002142071982,-7936.322145023602,-187500.02235174447,-6331.422189643645,46217.79724571673,187500.0,44289.28873411283
63837.990324257655,51729.17863478406,43171.746214836385,26398.46073370704,1659.4829153398175,182.97138011114362,2075.225362208529,-9856.269938501113,-14799.715852703555,-19777.650508600535,-6215.416635920601,-182423.67296501077,-7094.801318025747,45716.67113502874,187500.0,43672.06766272398
56477.717337336224,43507.80469272193,43422.13045622474,23324.76059493549,-1575.3509492100418,689.8418891241419,1506.5299280321512,-9342.179816029051,-13894.134926096789,-18982.889531003184,-8398.869144781727,-186992.7942148202,-6158.620853259666,46003.33225766805,187500.0,44225.87683509312
64586.90787397717,53111.76813981154,43375.66117950215,27372.437998347046,1200.3557324833553,39.36142198579574,2424.985459445174,-9556.354231399802,-14549.510425270848,-19478.181836388332,-6703.489327846686,-186047.22601738287,-6864.846571069547,46093.678008756404,187500.0,43978.04069257268
58820.962467308345,45806.81572041699,43204.2456512744,23909.124601975036,-94.90550695723378,593.9976088997852,1457.3113867415652,-9676.62896831381,-14359.677059611924,-19467.00596416068,-7370.979472515521,-183333.90305446423,-6606.907440055304,45606.32057265289,187500.0,43816.61639411645
59628.88862238987,47402.57381231473,43512.05152416844,25179.485998092416,-813.4023324730794,359.05842293005264,2057.612187577747,-9290.100251448184,-14028.893593417835,-19049.810653902372,-7968.57571227261,-187500.02235174447,-6330.34930590979,46206.934297911444,187500.0,44281.19740262001
63963.696535074305,51852.739078133,43157.709319318456,26430.691949211592,1738.7422011783365,172.35430149487277,2050.258463651951,-9881.616816713431,-14807.337797562814,-19813.39094798457,-6192.282580409358,-182403.28817406754,-7120.997562527366,45703.595364522385,187500.0,43646.653729278296
56463.99336624067,43473.65122719422,43402.48327284852,23293.490504442514,-1527.1829399088551,679.0907000411391,1470.923599114847,-9364.956243629009,-13906.1825163582,-18991.293786918377,-8393.392967390177,-186922.54268199715,-6173.1271354111595,45991.79875752911,187500.0,44202.80983481525
64586.34908036579,53090.01989245652,43370.96731316654,27361.955030197507,1241.326480069933,40.166084786186794,2423.2867268665705,-9543.725495782553,-14554.316050328738,-19462.28974608061,-6709.971333738725,-186097.7856633408,-6861.203236723332,46095.421444823914,187500.0,43978.934762350895
58830.77488312422,45804.42408376028,43201.20581402848,23903.022575738738,-45.32933775536272,602.424216559436,1439.5641016440513,-9678.260645659047,-14362.51573115775,-19471.90099619639,-7347.867768748733,-183235.48832362753,-6625.638201908851,45607.527566853474,187500.0,43795.069312461535
59463.46336167614,47195.68606563641,43525.44021909717,25112.20724728194,-835.9105391395735,373.3858911259045,2050.772553774423,-9281.450126343982,-14003.792584394525,-19017.020644786437,-7980.3997850894675,-187500.02235174447,-6313.205517912569,46236.57271105918,187500.0,44293.53556555934
63993.78198311115,51868.40765099617,43157.083470473706,26458.67633326964,1780.49525982085,162.49718219008236,2051.130181685708,-9885.371909781923,-14821.151175636194,-19793.96728205291,-6162.59946377271,-182443.38720362034,-7123.6350683730925,45726.68471654472,187500.0,43644.910293210785
56112.64629514769,43079.23234453587,43436.05559302039,23170.35474423823,-1668.3789096330297,711.9924678793511,1465.2686077676544,-9343.61032767419,-13858.148617523744,-18950.770074220905,-8422.450235182076,-186901.39793174242,-6134.391562270112,46027.09216202404,187500.0,44231.777695629324
64450.115197910694,52897.21374478504,43403.26558390446,27368.057056433805,1225.0320583620141,29.571357914371244,2463.6539773528552,-9550.36396388578,-14539.765064688334,-19452.767902942647,-6698.1249091774125,-186196.11098719967,-6865.427716425385,46110.821796753626,187500.0,43990.535317723195
58470.44241076022,45412.776817414386,43204.42446523005,23808.18412401487,-200.2716303195513,613.8236062316425,1401.5884878144848,-9701.528811637023,-14339.31462041314,-19459.9428129128,-7316.150643366653,-183219.70799204207,-6627.024010065081,45613.92016576769,187500.0,43788.54260308058
58868.75049695379,46522.362115664735,43547.166114707725,24976.979193327334,-1074.78363213344,367.30621663406095,2064.6976905700794,-9286.322806635239,-13971.069630511956,-18981.74959203596,-8036.547367161199,-187500.02235174447,-6289.780889723407,46248.955577487424,187500.0,44304.06323719779
63739.68735214321,51562.56873161421,43151.65199657107,26481.989202736524,1703.4487966834065,145.10752500385345,2048.157399673152,-9907.030750159116,-14838.02674269995,-19808.048881059753,-6100.193393253493,-182620.97181331777,-7157.877940878623,45733.90433000378,187500.0,43626.62656624634
55402.28550461358,42285.96893381702,43431.38407842923,23006.27058819182,-1971.6250266581808,728.4433517984572,1417.9723165002247,-9355.456752235503,-13854.706448877627,-18930.92172514459,-8513.935925237647,-186995.92345904393,-6118.20889928447,46028.56737715809,187500.0,44226.79325661579
64093.06843198162,52426.46365481182,43396.26948788995,27383.524463596877,1138.2849381309675,9.43243616013958,2483.1894020067934,-9556.5553970999,-14531.606677962147,-19467.56475777206,-6688.759528250638,-186371.12514628473,-6882.4373939558745,46132.190064452894,187500.0,43979.694721662374
57845.867615445575,44704.36062864788,43179.34580795119,23685.227177766228,-477.65677900991193,638.0752489656508,1312.3379722044435,-9705.842698316896,-14342.287402425696,-19464.301403081587,-7346.660774548147,-183428.27211955455,-6631.9190421007925,45623.4196571612,187500.0,43771.04118717208
58264.22521641556,45776.998493313615,43577.922115078225,24895.46238129883,-1310.4157221812873,397.23520245971713,2103.7238363890456,-9244.569747992724,-13947.354429644874,-18938.1189868592,-8075.819382169174,-187500.02235174447,-6251.6711654271085,46306.623078182114,187500.0,44336.093287002244
63354.67855390055,51069.28808323003,43135.49168532988,26481.318650402864,1547.4559721298185,158.36210946585055,2002.8951171511553,-9915.81498573005,-14849.292021905427,-19829.931238881498,-6031.640593009066,-182868.22681048236,-7169.366737528651,45744.968443509155,187500.0,43625.84425519041
54789.75829956035,41537.72193643117,43430.44530516211,22901.15033401851,-2246.0820968248963,726.0740668861946,1389.451490575253,-9353.936833612543,-13839.104931247823,-18939.303629315335,-8557.655937392228,-187190.36128406064,-6103.5685066662445,46032.63539464896,187500.0,44227.62027116064
64061.39601008845,52234.81979785202,43399.510490835964,27540.858392817783,1238.0631253794581,-10.438264660628398,2548.478847560745,-9554.253167421004,-14591.442297869004,-19494.81153426308,-6620.474948939675,-186424.67992599963,-6901.972818609813,46132.14536096399,187500.0,43961.12042202001
57746.178835174906,44486.63228590874,43182.43034868602,23755.27754488916,-453.36043278699316,644.4901996243239,1296.6246958523627,-9705.35095993888,-14359.475893911827,-19447.04585636209,-7323.437312059083,-183297.49206274655,-6622.620716407385,45632.2709479655,187500.0,43755.1267451199
58547.175949475284,45904.85047159797,43569.607266140854,25100.606691909637,-990.8304799593068,339.724163976212,2172.723671522578,-9251.856416685154,-13991.432069710741,-18974.619385554717,-8059.010870338782,-187500.02235174447,-6278.046223884371,46285.90301107204,187500.0,44311.37225763467
63925.16212763335,51559.461839134914,43098.34308604516,26734.183935425754,2005.0185328744094,134.95983302114405,1967.9369888230551,-9942.547672098599,-14925.042083864462,-19885.922358742042,-5959.2879962072375,-182131.91564463565,-7236.153749961109,45708.557451791465,187500.0,43556.263274701036
55111.33284703885,41781.400654482924,43463.145907300226,22984.32117513671,-1942.8136280552899,747.2635206298257,1411.7138280527388,-9314.351894182193,-13801.330483118354,-18892.610835148196,-8600.638341979784,-186877.16864075288,-6078.355738920658,46072.846182924055,187500.0,44248.38504175962
64822.33879832492,52935.770503970445,43407.557118839875,27779.999706745115,1805.6633240775257,-35.405163217206386,2581.93940901034,-9556.622452333266,-14615.112795247174,-19517.43149965185,-6530.330363551422,-185993.0006853343,-6930.091313134589,46130.15605570746,187500.0,43954.90663706144
58284.07356549187,45023.81176040313,43162.76081356536,23825.037339334172,-64.01539611999942,633.8507692635977,1236.6996689676844,-9724.014666559062,-14377.625510409536,-19470.559891529072,-7325.918355693621,-182272.64222772626,-6628.476873454675,45613.80840704541,187500.0,43736.30657628853
59085.98710131492,46421.220472004476,43583.06301630295,25165.270288618838,-590.8013094426763,347.36846057992705,2179.2950843924386,-9245.285003815294,-13987.073479541956,-18972.317155875822,-8056.887454615528,-187500.02235174447,-6283.365939064734,46292.38501696409,187500.0,44313.04863846882
64503.26764622542,52184.260151894116,43086.00492310583,26797.864055378923,2330.526987377046,155.3669757088394,1936.8233605412677,-9933.428160360832,-14940.062456138428,-19884.871826752642,-5916.953792208886,-181248.1276688728,-7235.19262494953,45718.280460629525,187500.0,43553.42460315521
55371.6189112209,42082.70216974046,43441.1517907562,22918.227066782365,-1787.2007831574422,741.7873432382755,1379.2143916147222,-9330.489853678924,-13799.184715650645,-18880.83146582025,-8644.51481634555,-186506.95669733963,-6058.417982866524,46080.64694173896,187500.0,44244.85346613568
65029.42771070334,53214.921440472775,43392.58145005482,27737.665502746764,1877.5688859902486,-25.749209612513738,2547.227149871248,-9552.666193564677,-14612.94467603501,-19511.44123213783,-6550.335174838922,-185825.7202298308,-6940.864853962047,46131.31834641914,187500.0,43947.48585790228
58130.00299096144,44965.45135563032,43158.201057696475,23639.607267332944,-271.70780559871264,672.5863424046448,1176.238200216079,-9711.542393153,-14359.721763100835,-19459.920461168345,-7359.356565398761,-181948.4525261465,-6609.679056367762,45635.86957882281,187500.0,43756.80312595405
58629.65388651537,46029.97553705878,43588.38273148331,24904.201913380854,-1003.6380295321977,372.20124866977324,2152.227121857062,-9229.236451296383,-13968.38742117732,-18949.876004442693,-8136.459664876422,-187500.02235174447,-6238.505987942933,46323.02925861231,187500.0,44349.43727844206
64203.10606993509,51980.94868432864,43075.209030533915,26680.316231288463,1946.5687211237814,137.73144933360211,1915.455092841994,-9952.561253614576,-14950.008982421039,-19909.257579953384,-5927.5932225696115,-181490.57704097952,-7231.482235369949,45727.779952023026,187500.0,43568.355568451356
54825.69990464448,41582.93951546425,43429.97591852855,22713.73095676076,-2273.507687271558,748.805790997242,1341.4399434852533,-9322.197356486005,-13829.091349731845,-18934.721521701995,-8717.985000370145,-186596.83306179443,-6057.210988665937,46063.81607816411,187500.0,44244.27232077984
64699.203038120635,52937.06690514886,43364.351196807766,27666.028161767503,1478.8584683964812,-63.83658216435697,2547.3836120824353,-9565.384336159746,-14665.180702827061,-19595.72966047879,-6608.315599955989,-186006.18821456292,-6937.5567957826615,46117.50496834576,187500.0,43943.93193053388
57863.59254879863,44743.09620178893,43120.091333400174,23583.66085096131,-625.4465133484023,658.9517782869075,1148.7679062805064,-9732.128349796338,-14431.828490713657,-19546.95815407731,-7395.141708271708,-182035.55727428882,-6642.625527694885,45603.25838366251,187500.0,43710.71382888721
58393.70887204515,45818.77390370058,43571.88714407529,24891.662584741425,-1285.359416646888,340.6852889877903,2160.318453349883,-9235.651401955058,-14016.644837456328,-19006.1353452367,-8188.203953290457,-187500.02235174447,-6269.329043546802,46297.21299376643,187500.0,44323.28573742935
64298.59272224817,52158.48859053715,43046.48703890885,26791.940843098266,1811.3406671691737,83.72963472958025,1906.3802845931393,-9987.87700985396,-15016.01368379756,-20002.419650843105,-5919.367780610059,-181381.43347280426,-7282.086584816764,45695.056998140455,187500.0,43521.39455335076
54683.073423275164,41488.30222944048,43416.31900266636,22694.754325718204,-2487.570343920034,735.1712268795046,1330.062905557502,-9337.84357760472,-13851.666611631706,-18986.488161860485,-8770.913931240313,-186482.0121505275,-6074.2206661964265,46028.43326669136,187500.0,44210.387076185594
64781.971547838635,53093.19384016917,43365.87111543073,27737.374930068843,1338.7353824061613,-53.39831750372857,2577.066728719083,-9542.250280648504,-14691.376947328681,-19609.386576340985,-6616.094007026435,-185953.97453951533,-6957.181627414421,46114.375724122016,187500.0,43931.63847108346
57872.913226236495,44836.2806244231,43117.856158954644,23608.247769862148,-792.3693409406354,675.6261796505665,1158.6920808186628,-9717.979695556129,-14429.168633123474,-19557.575232693584,-7375.986263273509,-181693.10619748905,-6646.291213785555,45605.94059299715,187500.0,43717.84403536845
58310.53803092695,45794.07522607747,43579.79966161247,24880.598471236048,-1489.8108231795816,359.9301409638096,2181.3067413934164,-9215.981866834387,-13995.947122090713,-19003.453135902066,-8209.19224133399,-187500.02235174447,-6258.846075397262,46321.375229522615,187500.0,44343.46936267249
64476.78082904588,52453.06223071364,43048.72221335438,26891.853140813488,1692.9434767894122,119.96181249163301,1932.4647703724827,-9961.747820585708,-15023.434462956724,-19994.507133305924,-5869.232817796805,-181112.38552479574,-7304.997122883454,45722.10260893138,187500.0,43518.444123082656
54532.80264530214,41408.014763357016,43442.13526751224,22655.079979310034,-2731.450227671889,771.6045703416551,1345.7985336540382,-9317.212917472472,-13794.848477226315,-18911.475707468475,-8784.16851570231,-186320.96783172703,-6031.5735377757,46084.89377318547,187500.0,44252.45305925048
64886.73417410066,53292.50434547715,43381.87496446073,27808.811105348006,1201.8309476174054,-64.50713449801619,2613.388313458957,-9539.657478291689,-14672.400316286126,-19583.659718472925,-6594.658684093796,-185900.21859410033,-6961.897845494491,46140.12493373453,187500.0,43940.64622409895
57893.7674038133,44946.58648331004,43115.93390893149,23631.76180502913,-933.6770693870866,672.5639906601895,1152.7912202824618,-9726.093378793405,-14424.05008364321,-19536.85516558351,-7354.238015918496,-181291.26653567154,-6657.1541615908345,45605.78413078596,187500.0,43709.86446259791
58207.988227366004,45747.002452254594,43602.598440956885,24850.468319710293,-1668.1553921884768,364.4228415993264,2183.2513431610278,-9208.426977208494,-13973.595377635405,-18970.61842329722,-8235.142616646603,-187500.02235174447,-6249.6148049372205,46334.07102037323,187500.0,44352.25359824343
64679.33233729987,52745.51245516688,43065.8660013516,26972.9676214418,1630.5374062701949,113.70332404414702,1965.7241661219796,-9944.134645954926,-15021.042826300005,-19980.09025813225,-5797.036683206164,-180825.50088471186,-7306.0700066173085,45735.133675948826,187500.0,43525.41786735271
54396.23348668021,41300.3017068269,43460.46369796559,22592.71861227973,-2888.2253632814127,788.9048205500628,1345.0385743425577,-9290.055547959275,-13786.399517822209,-18898.109364284202,-8792.259847195131,-186136.85651264866,-6020.28590682577,46086.21252610833,187500.0,44262.37723378864
65003.36557666845,53451.20173110983,43418.57652885634,27858.767254205617,1142.5541213219312,-55.96876811608888,2659.969348903817,-9503.335893551814,-14646.494644462426,-19566.605337453526,-6552.592701028908,-185841.70172711633,-6957.360441370063,46158.52041942125,187500.0,43951.12919224849
57931.94418334296,45010.177196285396,43142.57718832221,23637.327389398502,-992.8644887047398,696.0556740827172,1171.9243135362046,-9702.400529670778,-14415.42231028346,-19540.498499929727,-7296.5034599904375,-180887.43756859752,-6658.405859280331,45626.906529296226,187500.0,43709.81975910899
58115.36259834321,45641.792791103464,43627.78885695802,24807.217694189276,-1762.7032712344255,376.045748716086,2225.8537680928434,-9176.15105821503,-13942.124121442333,-18947.886699186172,-8247.167855163558,-187500.02235174447,-6220.80340633433,46361.586017797716,187500.0,44371.49845021945
64938.4784625147,53039.14732207624,43054.42190819048,27075.718590702843,1702.7335408608367,101.14164366026446,1986.1536605541303,-9950.370782657956,-15044.623916700355,-20001.212656642518,-5731.32255450756,-180533.92237829237,-7343.26330939094,45725.7906467665,187500.0,43506.93297468817
54304.45722394672,41174.595496010246,43458.16146828669,22538.02389359759,-2904.2515640558677,806.026256802828,1349.6877371892617,-9287.485097346915,-13761.72319194355,-18890.040384535838,-8807.011998535634,-185926.30307987967,-6010.875822410086,46098.237764625286,187500.0,44267.786355946824
65143.86864231451,53581.93708442892,43414.53086310993,27898.262786658146,1211.1739767997237,-69.17864908917537,2677.1801921344036,-9522.893669950208,-14642.76190313839,-19564.43721824136,-6540.254538089578,-185777.30635134058,-6957.673365792438,46181.565067954674,187500.0,43956.98534929578
58061.651356417104,45125.6016046526,43106.79204544926,23662.294287955083,-879.3623303606904,698.0226275947842,1158.7591360520287,-9728.954402083684,-14431.627325013558,-19552.657848913415,-7252.045840268832,-180421.00136530417,-6690.100632917957,45620.960965271115,187500.0,43680.44956689472
58081.63381596015,45559.73953720803,43622.75971445558,24765.15171112439,-1694.0834157566328,381.3654638964491,2226.434913448681,-9193.25014272334,-13918.543031041985,-18923.657408196617,-8265.83156178374,-187500.02235174447,-6216.400112676634,46374.84060225971,187500.0,44375.67822643259
65226.883021221525,53335.26323262015,43038.7086318384,27176.14497854054,1914.42691259705,87.30591384242939,1992.1662798126079,-9971.716698612774,-15058.616108729377,-20014.042557959863,-5683.936856262309,-180211.4314092912,-7372.611149860758,45730.797437524496,187500.0,43485.095320355336
54292.87902031887,41124.77345761937,43464.665825923184,22497.50018090012,-2768.6882339344306,836.4022775175903,1346.513789476608,-9270.74364074989,-13757.454008752586,-18873.053058749803,-8830.950716847268,-185677.81873677002,-6012.6416102220555,46095.04146516818,187500.0,44259.94089364301
65284.32700447166,53712.739492981374,43439.40835468869,27939.52410692264,1402.7507785261607,-66.69760545463627,2697.4755760998223,-9502.97826564053,-14630.736664621434,-19525.76870033368,-6531.470302518643,-185698.67291434683,-6943.457656318862,46204.22973683235,187500.0,43979.359445495546
58172.471305426516,45228.553739613744,43137.145714419574,23677.426418951323,-675.7602901172984,697.4638339834016,1160.234351186079,-9723.5452799255,-14430.9567726799,-19544.76768312069,-7204.3472176012065,-179960.39896731367,-6676.264903100122,45638.440029435165,187500.0,43683.489404140644
58011.04700697029,45449.03134692089,43654.67800553775,24714.65912039985,-1550.9204925203912,387.26632443265015,2224.825587847899,-9172.753593057823,-13890.782164428492,-18900.635111407653,-8282.394204425122,-187500.02235174447,-6178.715071524986,46395.40420715859,187500.0,44393.67138071911
65476.663765509584,53593.627046779045,43053.885466323554,27259.15935744755,2169.6614825322013,76.42061429269485,2016.552033013348,-9960.11614324047,-15077.570388027478,-20018.28938940637,-5639.3227743295165,-179944.68569096157,-7376.120373740241,45740.16281845127,187500.0,43483.64245696574
54265.676947316766,41057.002968430876,43475.39466326174,22450.561517543974,-2599.3067144521137,821.9183471105513,1335.6955451602394,-9278.812620498255,-13751.664906938662,-18854.657573063087,-8840.919594874335,-185465.7677371225,-5987.987636087852,46104.74212226178,187500.0,44256.27520755234
65417.96808456995,53837.84220669773,43444.39279370222,27971.956488127293,1619.9873828872899,-86.32243708639588,2723.716524090353,-9497.54679173789,-14627.22744074195,-19523.891153799435,-6533.839587430905,-185643.061774142,-6943.2564906187645,46209.14712061252,187500.0,43966.46248894483
58348.82656917889,45403.63495393217,43120.27014735582,23712.429250768335,-431.23220577623914,699.4307874954686,1155.6075400838304,-9726.540413682511,-14447.564118810193,-19544.09713078703,-7172.384223030117,-179510.05602002813,-6708.652580815862,45616.490616380055,187500.0,43657.427270105756
57967.081125626704,45379.38331119816,43674.347540658426,24657.68452378327,-1430.7128108397499,420.8609963489767,2231.888739095776,-9147.831397990156,-13891.005681873046,-18868.82857904775,-8312.099672806224,-187500.02235174447,-6155.759829969386,46419.78996035933,187500.0,44409.69758149357
65696.69433792762,53857.62350054068,43075.94663810094,27328.51682049237,2342.440467171725,85.69658824164728,2037.4062105901494,-9949.163788457368,-15059.644288974321,-19981.67723198858,-5578.973064300188,-179718.03900218476,-7358.082515964808,45793.82935688846,187500.0,43506.93297468817
54216.234888581625,41000.0283718143,43465.69400616813,22399.644243674786,-2534.8889869319187,836.4693327509563,1308.9181553027815,-9285.942826979497,-13735.683409653117,-18838.027875188338,-8841.903071630368,-185274.86148772974,-5971.492048679835,46122.71292480385,187500.0,44269.41803329206
65474.13801838613,53903.95866679653,43448.32670072636,27991.53661627014,1685.2321249523313,-62.987215875055306,2729.3044602041796,-9479.77715489592,-14627.160385508585,-19493.068098195567,-6537.572328754942,-185635.41747753829,-6946.5421970536945,46230.67185052298,187500.0,43985.99791359877
58356.38145880478,45435.44148629207,43117.83380721019,23696.090125571507,-429.66758366436767,718.2062528379265,1128.4501705706323,-9740.823178389452,-14445.016019942286,-19519.510211886194,-7139.705972636459,-179235.66600509477,-6701.075339445512,45652.54398018646,187500.0,43675.085148225444
57773.60442562156,45171.66854997499,43670.10070921191,24571.272679719055,-1527.0488294421232,419.0058015591862,2221.7410471130665,-9154.313403882195,-13871.626719430295,-18823.409834314567,-8347.102504623235,-187500.02235174447,-6143.354611796691,46435.547940200326,187500.0,44420.42641883212
65794.9302548087,53985.22960963602,43061.440355949446,27382.585690329754,2340.0935340039177,79.90748642772274,2040.0660681803308,-9957.702154839297,-15079.425582817268,-19969.13790334915,-5552.307433165006,-179680.73394068886,-7382.580027887825,45802.993572115134,187500.0,43497.45583503912
54000.719368543556,40767.65963645693,43477.29456154044,22306.482172785065,-2677.29195085668,869.1252314001598,1293.8977830288152,-9275.16928615204,-13719.94778155658,-18820.14647962409,-8864.612443996959,-185179.17366971658,-5962.551350897712,46124.389305638,187500.0,44277.95639967399
65354.42207508351,53772.798630332785,43465.06815732338,27946.43079595933,1525.2159863967881,-62.49547749703855,2739.228634742336,-9474.25627401546,-14606.194449209506,-19471.588071774015,-6542.2214916016455,-185742.3035195236,-6919.317772307131,46267.284007940776,187500.0,44004.14753009648
58361.18708386268,45435.5755967588,43108.848405939156,23702.97446286374,-506.4681776128027,707.1644910770049,1134.3510311068335,-9757.229358819648,-14472.821590044688,-19561.218567039796,-7098.712873305425,-179117.31351820394,-6728.322115936532,45635.69076486716,187500.0,43647.59250254542
57566.91784464334,44929.17447437936,43685.232840208155,24480.099914085855,-1702.6664856274708,447.05724085059654,2223.0150965470193,-9145.52916831126,-13843.50822490552,-18836.284439120824,-8380.451307350553,-187500.02235174447,-6135.598556470699,46445.80739090531,187500.0,44432.496360837984
65921.01644528109,54122.26815489151,43055.04775703523,27435.71578690002,2286.315236844449,75.14656485874235,2067.4022516491714,-9967.06753576607,-15085.974643942673,-20007.538200323368,-5520.702066505202,-179707.44427531294,-7395.097004782797,45800.82545290297,187500.0,43498.39460830625
53937.55333871285,40677.246830135206,43480.267343552994,22250.87103258026,-2770.230504301847,886.1125571861932,1309.5440041475301,-9270.698937260979,-13716.90794431066,-18832.752863496884,-8890.339301865019,-185070.25361898585,-5965.792353843732,46127.36208765055,187500.0,44268.41220479157
65419.219782259446,53822.710075701485,43482.18959357615,27972.24706080521,1507.245183854721,-67.7257856995804,2777.092489849626,-9469.830628613308,-14596.98553049392,-19492.71047028428,-6543.964927669159,-185772.21015360477,-6918.267240317731,46273.20722022143,187500.0,44009.64605923248
58551.64629836635,45625.3195554399,43088.173042318,23755.12108267797,-442.65394719290106,685.0586158107062,1146.6668423017077,-9769.835742692441,-14496.045052533753,-19599.574160525102,-7055.551654762227,-178820.10237218172,-6759.3463372404985,45624.671354850696,187500.0,43622.84912143339
57571.36584178995,44904.34168628952,43670.056005723,24448.02516079249,-1691.043578510711,442.02809834815247,2217.605974388835,-9143.42810433246,-13859.355611724332,-18850.276631149845,-8412.391950177187,-187500.02235174447,-6145.343917053213,46433.7598006439,187500.0,44415.19611062958
66177.83798907256,54402.4919751277,43052.25378897831,27517.38906113971,2385.601685714923,56.61696870529279,2079.606304121769,-9963.535960142131,-15104.615998818399,-20010.6227410582,-5491.08600510192,-179568.46112828984,-7415.302981770395,45808.805025673515,187500.0,43486.056445366914
54015.56092686188,40749.398261236944,43461.91656135518,22230.843869548306,-2700.96244823485,870.7569087453973,1295.1494807183124,-9286.07693744623,-13728.843775849793,-18835.859755976173,-8878.582284281527,-184886.45522432987,-5969.614502145589,46114.442779355384,187500.0,44251.648396450095
65475.74734398691,53883.57387585329,43466.23044803506,27952.309304751077,1537.8223702695811,-76.80059394843506,2779.126498595059,-9469.651814657667,-14604.160440464073,-19463.541443770104,-6570.295282637511,-185785.62120027796,-6909.41594951343,46293.480252442394,187500.0,44005.33217255261
58724.22411730577,45816.67283972178,43080.305228269724,23758.94323097983,-367.8426585009883,685.1703745329827,1151.5842260818752,-9775.043699150527,-14526.644590693068,-19592.22043659931,-7040.48657899935,-178550.40622358397,-6757.133514539423,45621.98914551606,187500.0,43607.31465903696
57518.123986497405,44835.14068545588,43673.78874704704,24370.978697655046,-1690.9094680439794,435.65785117838993,2213.6497156202454,-9155.498046338325,-13845.989268540057,-18815.87729643313,-8445.807808137872,-187500.02235174447,-6125.316754021258,46449.316614784795,187500.0,44417.76656124194
66372.52168327829,54620.801463222684,43044.318919696685,27560.863204105284,2464.2798261976036,28.20790150259751,2084.3672256907494,-9986.982940075748,-15118.027045491583,-19997.09993566274,-5475.976225850132,-179505.4739124148,-7435.531310502447,45812.716580953194,187500.0,43470.186706803644
54034.09052301533,40747.90069435843,43454.16050602919,22166.5826042393,-2687.216125394836,874.7131675139866,1278.9891694771254,-9284.177039167529,-13742.657153923174,-18818.358340067665,-8911.416996886373,-184729.27775732015,-5983.450231963424,46098.26011636974,187500.0,44238.572625943736
65493.13700117314,53890.27939918988,43476.7134161846,27936.52897316563,1554.3179576775979,-92.20094587814164,2790.8611644340954,-9460.912282575642,-14592.738699047412,-19444.095426093987,-6602.2135737196895,-185825.98845076424,-6899.312961019631,46286.59591515016,187500.0,44011.05421913317
58922.908773769,46018.15146424192,43076.84070787916,23810.441650204855,-251.77004954457874,681.9070198425079,1158.267397674012,-9778.59762651892,-14548.996335148375,-19606.033814672686,-6999.851107579602,-178283.9287261878,-6791.912828911881,45604.957116241116,187500.0,43593.925964108224
57490.787803028565,44781.541202252054,43674.43694763624,24323.99533080999,-1656.9571682163678,439.3235372690603,2206.318343438905,-9151.8100085032,-13833.137015478256,-18803.382671282612,-8469.478305516042,-187500.02235174447,-6112.129224792627,46451.70825144151,187500.0,44429.99296545899
66600.19655230004,54869.732841221434,43050.13037325506,27651.454824382643,2611.6672291358987,14.99802052951104,2115.9055371171876,-9984.725413885762,-15132.935659043273,-20010.28746489137,-5466.364975734351,-179396.6432686619,-7430.345705788816,45830.50856953962,187500.0,43467.482145724556
54142.78705630149,40852.46215492036,43457.17799153066,22172.327002564314,-2549.194103383315,873.9755599469614,1284.4653468686756,-9289.787327025811,-13743.327706256832,-18822.135784880615,-8905.247915416709,-184535.71165033718,-5974.308368481204,46096.40492157995,187500.0,44229.65427990607
65572.19512131157,53972.176190874125,43490.16916634669,27947.347217481998,1677.1854969484207,-91.86566971131202,2806.574440786176,-9457.559520907345,-14592.179905436029,-19444.318943538543,-6622.687771640751,-185808.48703485573,-6900.631713942495,46293.413197209025,187500.0,44017.06683839165
59162.85475049672,46288.249944239855,43076.90776311252,23868.91381369994,-48.212712790097335,675.8496970951196,1168.6386071012744,-9785.660777766798,-14557.042963152286,-19613.700463020858,-6950.163179655455,-177922.56807357885,-6798.573648759562,45611.729694811074,187500.0,43574.90462957676
57515.44177716277,44810.084379921485,43696.006381035615,24282.66695531213,-1536.4365621133522,455.37208978797076,2220.8469773348543,-9128.09480763612,-13824.866870029793,-18787.579987952708,-8485.571561523862,-187500.02235174447,-6091.543268149289,46463.8676004252,187500.0,44434.21744516104
66838.22027900461,55157.422144105694,43070.738681642855,27732.166973610758,2817.347981613634,20.049514776410437,2174.0424244454416,-9946.43687563382,-15117.691769324752,-20006.130040422686,-5427.607050848848,-179221.71851655465,-7419.259240538984,45845.79716274705,187500.0,43487.37519828978
54313.487328706666,41047.30231133727,43455.12163104077,22209.676767549132,-2319.574632593946,867.3147400992799,1300.2009749652118,-9291.955446237975,-13751.016706349457,-18841.134767667623,-8873.731955734725,-184306.27099350345,-5984.344301741637,46112.498177587775,187500.0,44223.79812285878
65677.33772722933,54094.93197142267,43500.47332054059,27960.244174032712,1868.8070021637682,-85.36131207481768,2822.019496204793,-9437.510006130935,-14574.343213360693,-19442.061417348556,-6630.086199055458,-185737.3861357434,-6902.352798265553,46303.44913046946,187500.0,44022.9900506723
59437.401227641254,46603.07426489285,43077.39950149054,23952.151710051505,225.75261899860132,664.9867492898404,1208.424712231721,-9777.591798018431,-14565.000184178376,-19625.524535837714,-6908.231307057298,-177522.20362689538,-6817.259707124199,45616.22239544659,187500.0,43585.07467330393
57585.805068708076,44887.28730527012,43689.12204374338,24273.502740085452,-1327.6712689007843,458.50133401171377,2222.791579102466,-9121.925726166455,-13809.06418669989,-18789.234017042403,-8501.664817531684,-187500.02235174447,-6100.886297331607,46468.047376638344,187500.0,44438.486628352
67072.35480217396,55434.472016629225,43063.51906818379,27802.999651789625,3057.718641486006,0.3352761668296059,2188.1016717078296,-9953.58943385952,-15123.078539738483,-19994.775354239388,-5431.920937528723,-179016.77537164395,-7445.433133296148,45859.81170652052,187500.0,43491.39851229174
54471.02242362767,41221.66826983312,43444.97393905806,22222.037282232915,-2083.741376846001,870.9357227010397,1309.6110593808962,-9280.801925754777,-13738.991467832502,-18848.667305549065,-8873.441383056806,-184064.76039466387,-6006.472528752391,46100.249421626264,187500.0,44222.61348040265
65733.35119883432,54166.30109146847,43504.518986286996,27940.641694145408,2034.7240012555126,-77.98523640456634,2823.092379938648,-9423.24959316845,-14549.957460159954,-19415.060510046544,-6661.468048270709,-185712.30747846456,-6893.255638272243,46321.84461615618,187500.0,44035.32821361163
59701.107108724966,46910.34369591996,43066.7153676409,24017.463507349912,487.22332563678333,646.904188025497,1218.5947559588858,-9783.827934721463,-14561.558015532259,-19631.134823695997,-6874.1225450185,-177172.51058489212,-6851.457876140818,45624.58194787287,187500.0,43570.85896383035
57617.678656301345,44923.07244814306,43697.23572698066,24223.41248076111,-1162.268359931512,464.98333990375284,2204.4631486491144,-9107.687664948424,-13788.67939575665,-18776.672336658517,-8521.557870096907,-187500.02235174447,-6110.810471869764,46483.514783801416,187500.0,44448.83548603481
67268.8266359361,55671.37815611102,43077.019521834794,27852.84404192496,3275.1117080583226,-5.766750069469222,2199.4563578911257,-9921.827604988528,-15105.711234296708,-20016.30008414985,-5423.069646724421,-178917.8689024292,-7464.923854461176,45870.20526769225,187500.0,43493.968962904095
54571.91819809892,41333.04701245392,43438.89426456622,22208.20155241508,-1883.5591535042709,861.9726731744615,1278.1398031878239,-9285.339329879205,-13743.037133578913,-18866.124017968657,-8854.911786903356,-183872.6471510705,-6018.989505647362,46097.321343102616,187500.0,44219.26071873435
65689.6088349353,54125.486806093075,43515.69485851465,27893.077181944514,2163.0453661734305,-81.60621900632609,2822.2653653938014,-9400.607276035224,-14529.192689560974,-19431.623152687927,-6681.964597936225,-185742.70585092378,-6892.1827545383885,46335.90386341856,187500.0,44039.97737645834
59822.58883983956,47059.16161050339,43074.04673982224,24051.192289732968,674.5085924278012,639.7739815442541,1210.8163488884388,-9786.264274867091,-14573.762068004855,-19657.80045483118,-6833.576480576573,-177001.6762020202,-6870.747431605749,45628.24763396355,187500.0,43567.55090565096
57483.21056165821,44776.95909463872,43697.03456128056,24150.21051766998,-1075.7000536561077,481.3895203339482,2171.8072499999107,-9110.794557427711,-13787.830029467348,-18800.29813054778,-8537.427608660175,-187500.02235174447,-6116.510166705867,46482.35249308974,187500.0,44437.77137252944
67282.21533086483,55700.748348325295,43086.96604811741,27870.52427178911,3373.392328428308,-8.694828593114448,2199.1434334687515,-9926.812044002061,-15097.955178970717,-20008.454621846035,-5422.041466479477,-179029.60527296131,-7454.865569456288,45899.754273862156,187500.0,43508.36348633331
54537.608270360026,41287.337695042814,43461.20130553262,22189.67195626163,-1796.9908472288666,899.0542172258159,1278.296265399011,-9276.756260008367,-13735.504595697475,-18869.476779636952,-8829.274336013119,-183780.71442612584,-6025.516215028312,46110.88885198699,187500.0,44212.71165760895
65562.11448456222,53977.227685121026,43533.91153024573,27850.36299829042,2177.0822616913633,-69.40216653372843,2797.611391259598,-9398.282694611871,-14513.725282397902,-19396.68737610428,-6690.860592229437,-185842.28287247216,-6876.558885164129,46363.41886084305,187500.0,44061.144478457514
59952.31836465817,47194.85905109156,43078.94177185795,24116.25821784237,791.0282362733169,635.549501842201,1212.9844681006036,-9787.739490001142,-14567.637690024101,-19669.93745207041,-6771.662148435373,-176930.1059162743,-6888.6064754255385,45639.04352653546,187500.0,43565.62865562781
57402.565467663466,44677.27031436805,43705.26000324011,24114.939464919506,-1036.629204348231,489.2126308933057,2160.631377772257,-9101.85385964559,-13768.473418769052,-18773.72190639042,-8528.933945767158,-187500.02235174447,-6089.084576259205,46497.73049327499,187500.0,44459.85489605128
67389.74957343932,55842.458408171944,43089.04476035175,27933.533839408617,3466.9343789737677,-21.010639787988637,2186.7829187849666,-9929.002514958682,-15113.891972767351,-20005.683005533578,-5409.055102950943,-179067.6702937687,-7468.321319618383,45911.06425655654,187500.0,43504.00489616453
54572.58875043259,41345.13930620424,43464.464660223086,22198.29972962138,-1708.634401397038,890.8511270107183,1262.2477128801004,-9275.057527429763,-13741.986601589513,-18861.966593499972,-8804.508603156639,-183661.17729677886,-6021.671714981999,46119.963660235844,187500.0,44210.387076185594
65469.64531775062,53906.395006942155,43538.60539658134,27818.802335119526,2194.382511899771,-65.04357636494355,2800.4947662943323,-9381.451831037026,-14487.86431406311,-19372.994526981656,-6715.022827985625,-185919.75401875426,-6853.894216286447,46392.09614897921,187500.0,44075.337836186634
60011.77400490928,47315.491415916855,43063.80964086171,24147.88593624663,852.3390713142243,628.8663302500642,1203.4179214737323,-9789.03589117955,-14586.726079788934,-19677.8946730965,-6748.706906879772,-176833.92635988313,-6895.93784760688,45675.54392523097,187500.0,43555.39155666728
57208.44056706913,44511.62153620977,43684.83050880796,24036.03780699227,-1087.814699150884,498.5109565867134,2131.350592535805,-9095.975350853843,-13771.87088392626,-18773.81131336824,-8568.384774730775,-187500.02235174447,-6090.023349526328,46517.80235979585,187500.0,44444.18632318811
67363.44157021542,55875.22606554342,43093.42570226499,27954.499775707696,3448.315375842497,-12.673439106159105,2208.732331840078,-9903.990912913194,-15099.430394104767,-19988.785086725366,-5409.300972139951,-179236.09068823943,-7473.395165609738,45948.481076774726,187500.0,43505.99420142105
54418.696989857795,41229.84900830377,43443.07404077936,22147.628324941197,-1788.1842599134757,897.1543189471149,1236.811427689961,-9277.247998386383,-13750.256747037978,-18857.429189375544,-8800.529992643595,-183607.46605485273,-6045.72219201591,46129.15022720698,187500.0,44200.10527373615
65226.950076454894,53684.68805368997,43528.994146465564,27751.858860475884,2047.129219428208,-56.43815474965033,2794.348036569123,-9370.18655183155,-14480.711755837412,-19355.426055839784,-6758.966357584758,-186058.5136483328,-6857.694012843849,46421.33223072675,187500.0,44083.04918802371
59972.211417223385,47322.97925030938,43045.88354180855,24178.68664010604,783.4733466474231,623.613670303067,1201.6968371506737,-9801.195240163237,-14619.650199371601,-19704.42619376495,-6726.869252546937,-176856.97100841656,-6940.641336517494,45671.54296297347,187500.0,43540.77351579351
56909.66479893504,44214.65625937656,43690.23963096615,23938.87477384505,-1291.260277183089,519.1416167189618,2106.0707695568526,-9099.283409033229,-13750.927299371637,-18767.28460398729,-8604.795766448471,-187500.02235174447,-6085.351834935169,46535.81786582683,187500.0,44456.94916927209
67271.48649352629,55805.4215676095,43095.683228454975,27962.099368822503,3291.0932053438673,-21.994116544022148,2219.4164656897146,-9913.53510779561,-15091.160248656304,-19996.071755417797,-5406.1717279162085,-179474.114414944,-7456.877226457265,45982.09810043551,187500.0,43523.76383826302
54208.45648151118,41018.28974703429,43428.5007033945,22085.490475355444,-1991.1828030565744,893.3545223897127,1202.4791482066094,-9303.801870799289,-13749.452084237586,-18883.670137366073,-8807.74960610266,-183592.1327581564,-6050.326651373703,46123.7858085377,187500.0,44182.24622991637
64955.219919111725,53397.42343395036,43547.657853085744,27685.921214332728,1810.3571904131402,-43.20592203210855,2786.6590364764975,-9361.536426727347,-14476.397869157538,-19355.470759328695,-6789.565895744074,-186234.42187719606,-6848.775666806182,46443.59456820424,187500.0,44088.36890320408
59902.00458788927,47264.3059211142,43059.94278907094,24188.521407666376,612.9071847089749,630.0509727061955,1209.877575621316,-9803.810394264507,-14612.430585912536,-19684.689603410912,-6668.397089051854,-176940.07479430138,-6929.331353823109,45702.745998233084,187500.0,43541.42171638271
56627.38461820896,43907.72210451628,43695.89462231334,23869.673773011422,-1526.5570910641065,512.8384247825652,2096.7500921189894,-9106.905353892489,-13734.565822430352,-18747.65977235553,-8613.89292644178,-187500.02235174447,-6070.979663250407,46544.55739790886,187500.0,44452.65763433667
67245.53611821367,55787.89779995654,43111.351801318146,28021.487953840253,3155.0157850999576,-23.335221211340574,2242.3270037564043,-9895.810174442551,-15099.788022016051,-19991.511999548915,-5381.629512504282,-179688.24412682583,-7471.8305434978665,45982.34396962452,187500.0,43519.18173064968
54067.685194931655,40861.20168700239,43434.35686044179,22061.439998321533,-2174.2659418899943,902.697551572031,1211.2186802886345,-9294.36943463915,-13730.788377617406,-18861.944241755515,-8782.670948823805,-183545.5293709671,-6021.224680092893,46144.595282625596,187500.0,44210.118855252134
64781.993899583096,53190.736852972135,43550.29535893147,27667.369266434824,1618.7356851977927,-57.75690767251345,2794.5044987803103,-9370.320662298282,-14476.442572646449,-19365.193768166755,-6818.176128646866,-186350.96387278603,-6840.550224846629,46434.76562914439,187500.0,44091.87812708356
59973.39605967952,47329.528311434784,43044.43067841896,24263.55621380284,535.3466314490595,617.0646091776621,1206.8377383753943,-9822.071769484493,-14645.645278173124,-19712.67398746896,-6633.9754025906805,-176873.77952024693,-6954.387659357508,45697.87331794183,187500.0,43525.55197781944
56464.48510461868,43701.54961366053,43686.99862802013,23828.43480449138,-1688.3837209205296,519.7898173081658,2085.3283507023275,-9107.106519592586,-13734.275249752433,-18745.983391521382,-8651.108580959866,-187500.02235174447,-6069.549151605267,46552.291101490395,187500.0,44463.9452652866
67324.01309299626,55865.30189100527,43096.15261508854,28103.22828331331,3091.5144791024304,-57.73455592805814,2244.6515851797562,-9918.653657275874,-15122.072711237994,-20007.560552067825,-5391.419576575706,-179771.54907841075,-7488.48259311707,45979.594705056516,187500.0,43505.435407809666
54133.5781375859,40897.255050808795,43427.87485454975,22097.18043770557,-2163.8500289738213,889.2865048988468,1196.8912120927826,-9321.616211130167,-13762.460799510574,-18904.4125562206,-8777.954730743735,-183407.30618325548,-6051.645404296566,46116.45443635636,187500.0,44164.20837214093
64746.611088110345,53123.99454402859,43563.304074204454,27659.4791006421,1566.0302717721788,-46.13400055575378,2791.2634958342906,-9348.41595273208,-14455.186063669451,-19336.471776541686,-6833.084742198556,-186391.68875118362,-6812.677599510861,46444.86861763819,187500.0,44095.23088875185
